customer_id,city,age,created_at
1,Kyiv,19,2022-07-18
2,Lviv,32,2021-10-13
3,Kyiv,61,2024-01-22
4,Kyiv,55,2023-05-15
5,Kyiv,19,2021-07-11
6,Lviv,32,2023-11-01
7,Dnipro,19,2024-02-24
8,Lviv,63,2024-01-22
9,Kharkiv,32,2023-07-09
10,Dnipro,35,2021-01-14
11,Lviv,62,2023-05-16
12,Odesa,35,2021-11-15
13,Lviv,39,2021-07-29
14,Kyiv,42,2021-07-18
15,Odesa,40,2022-06-26
16,Kyiv,64,2023-07-30
17,Dnipro,25,2023-02-15
18,Kyiv,53,2022-08-24
19,Dnipro,41,2024-03-28
20,Lviv,63,2021-05-23
21,Kyiv,60,2022-04-12
22,Odesa,23,2022-04-22
23,Kyiv,42,2022-07-24
24,Kharkiv,58,2023-01-18
25,Lviv,41,2022-12-29
26,Lviv,60,2022-07-01
27,Kyiv,56,2021-12-17
28,Dnipro,64,2022-05-17
29,Lviv,47,2023-02-17
30,Odesa,58,2024-02-15
31,Lviv,61,2022-10-27
32,Kyiv,32,2021-03-07
33,Odesa,43,2022-07-03
34,Kyiv,31,2024-03-07
35,Odesa,31,2023-10-20
36,Kharkiv,59,2023-07-29
37,Lviv,34,2021-10-13
38,Lviv,65,2024-02-24
39,Dnipro,34,2024-04-12
40,Kharkiv,55,2023-03-29
41,Odesa,32,2021-10-11
42,Dnipro,49,2021-07-06
43,Kyiv,25,2021-11-10
44,Lviv,61,2023-05-15
45,Dnipro,22,2023-02-28
46,Kharkiv,56,2023-08-17
47,Dnipro,34,2024-02-08
48,Kyiv,61,2021-08-23
49,Dnipro,35,2022-11-28
50,Kyiv,36,2023-06-10
51,Lviv,47,2021-01-07
52,Odesa,50,2022-01-01
53,Dnipro,24,2022-09-04
54,Dnipro,56,2022-02-12
55,Lviv,41,2021-11-27
56,Dnipro,51,2021-01-02
57,Dnipro,38,2023-09-28
58,Kyiv,25,2023-01-14
59,Odesa,33,2021-04-29
60,Lviv,54,2021-06-11
61,Kyiv,64,2023-09-23
62,Kyiv,52,2021-09-15
63,Lviv,60,2023-09-01
64,Dnipro,28,2022-06-27
65,Dnipro,56,2023-05-17
66,Lviv,52,2022-02-16
67,Odesa,43,2023-02-04
68,Kharkiv,51,2023-07-14
69,Kyiv,33,2022-04-06
70,Kyiv,39,2021-02-13
71,Dnipro,53,2022-04-17
72,Dnipro,32,2021-01-15
73,Kyiv,63,2021-05-01
74,Lviv,22,2021-03-06
75,Odesa,22,2023-11-19
76,Lviv,35,2023-09-22
77,Lviv,52,2021-09-28
78,Dnipro,54,2023-08-27
79,Lviv,48,2023-04-14
80,Lviv,24,2021-07-18
81,Kharkiv,40,2023-05-18
82,Kharkiv,47,2021-04-21
83,Kyiv,21,2023-04-05
84,Odesa,24,2022-05-25
85,Lviv,30,2024-01-04
86,Kharkiv,26,2023-05-15
87,Lviv,35,2023-08-06
88,Lviv,22,2023-06-27
89,Dnipro,24,2021-04-14
90,Dnipro,18,2021-07-11
91,Lviv,28,2023-04-13
92,Kharkiv,48,2022-03-14
93,Kharkiv,21,2021-12-04
94,Kharkiv,18,2023-03-11
95,Odesa,47,2022-08-08
96,Kharkiv,62,2024-02-13
97,Kharkiv,27,2022-01-24
98,Odesa,31,2021-04-30
99,Dnipro,65,2024-01-16
100,Kyiv,65,2022-10-05
101,Kyiv,21,2024-04-11
102,Kharkiv,50,2023-12-24
103,Lviv,21,2023-11-07
104,Kyiv,29,2021-05-21
105,Dnipro,22,2022-04-27
106,Kharkiv,25,2024-03-12
107,Lviv,55,2021-03-23
108,Dnipro,23,2023-05-09
109,Dnipro,54,2023-12-07
110,Odesa,34,2022-02-23
111,Odesa,33,2022-06-28
112,Kharkiv,26,2022-09-07
113,Kharkiv,38,2021-05-29
114,Kyiv,47,2024-02-28
115,Kyiv,22,2024-01-07
116,Lviv,50,2022-06-28
117,Lviv,40,2021-05-21
118,Lviv,41,2022-08-07
119,Lviv,46,2024-01-18
120,Odesa,57,2023-12-20
121,Kyiv,60,2024-02-10
122,Odesa,60,2021-08-01
123,Lviv,34,2021-08-25
124,Kyiv,65,2024-02-08
125,Lviv,35,2022-08-01
126,Dnipro,31,2022-12-04
127,Lviv,61,2022-06-25
128,Dnipro,49,2022-05-30
129,Kyiv,23,2023-05-18
130,Odesa,20,2021-01-08
131,Odesa,26,2022-06-21
132,Lviv,65,2023-06-24
133,Dnipro,63,2023-05-26
134,Dnipro,18,2021-08-18
135,Kyiv,62,2021-11-02
136,Dnipro,20,2023-01-27
137,Dnipro,53,2021-10-31
138,Kharkiv,26,2021-03-27
139,Odesa,41,2021-03-23
140,Odesa,31,2022-05-27
141,Kyiv,40,2024-02-21
142,Kharkiv,57,2021-11-13
143,Lviv,28,2021-12-29
144,Kharkiv,19,2022-01-03
145,Odesa,44,2022-05-24
146,Odesa,28,2021-08-10
147,Kharkiv,20,2023-08-22
148,Lviv,30,2023-08-01
149,Odesa,37,2022-04-12
150,Lviv,19,2022-01-31
151,Kharkiv,39,2022-07-25
152,Kyiv,35,2022-12-21
153,Dnipro,43,2024-01-04
154,Odesa,19,2021-08-25
155,Odesa,29,2024-04-04
156,Odesa,20,2021-08-11
157,Dnipro,45,2022-12-09
158,Odesa,45,2023-11-14
159,Kyiv,42,2024-03-26
160,Lviv,34,2021-04-01
161,Kharkiv,18,2023-12-01
162,Dnipro,61,2022-02-08
163,Odesa,45,2021-05-24
164,Odesa,57,2022-10-05
165,Kyiv,64,2022-09-08
166,Dnipro,37,2023-04-17
167,Odesa,43,2022-08-29
168,Dnipro,26,2022-01-28
169,Kharkiv,60,2023-02-16
170,Lviv,57,2024-03-11
171,Odesa,43,2024-01-28
172,Kyiv,37,2022-08-11
173,Lviv,45,2024-04-02
174,Dnipro,59,2022-10-22
175,Kharkiv,46,2023-06-25
176,Lviv,50,2023-08-28
177,Lviv,60,2021-06-23
178,Odesa,50,2022-11-18
179,Kyiv,33,2022-09-28
180,Lviv,30,2021-10-29
181,Kyiv,20,2022-05-17
182,Kharkiv,57,2021-05-30
183,Kharkiv,44,2024-03-24
184,Lviv,63,2023-02-26
185,Kharkiv,43,2022-05-15
186,Lviv,59,2021-01-12
187,Kyiv,45,2022-03-25
188,Lviv,62,2023-11-27
189,Kharkiv,21,2024-02-16
190,Lviv,25,2023-07-24
191,Lviv,47,2023-12-24
192,Dnipro,56,2022-10-12
193,Kharkiv,57,2023-10-31
194,Kharkiv,53,2023-07-03
195,Lviv,65,2023-08-31
196,Kharkiv,34,2022-05-22
197,Odesa,51,2023-09-20
198,Lviv,35,2023-06-20
199,Kyiv,63,2022-08-09
200,Lviv,35,2022-11-19
201,Odesa,52,2021-06-15
202,Lviv,27,2022-04-19
203,Kharkiv,62,2021-11-09
204,Lviv,22,2023-04-30
205,Kharkiv,39,2024-01-17
206,Kharkiv,44,2021-05-08
207,Lviv,44,2023-03-09
208,Dnipro,62,2021-02-10
209,Dnipro,42,2023-09-04
210,Kyiv,40,2022-09-04
211,Kharkiv,44,2024-01-08
212,Dnipro,56,2022-03-28
213,Kharkiv,32,2022-07-13
214,Kharkiv,49,2021-03-01
215,Kharkiv,39,2023-04-09
216,Lviv,47,2021-09-19
217,Dnipro,52,2021-02-25
218,Kharkiv,55,2024-03-01
219,Kyiv,23,2023-05-28
220,Lviv,47,2022-01-08
221,Kyiv,34,2023-02-16
222,Odesa,31,2023-07-21
223,Odesa,39,2023-02-16
224,Odesa,44,2022-06-01
225,Kyiv,48,2021-02-09
226,Dnipro,21,2022-12-18
227,Lviv,59,2021-05-21
228,Kyiv,19,2022-05-22
229,Lviv,19,2021-11-09
230,Lviv,26,2023-08-28
231,Kyiv,54,2022-03-23
232,Kharkiv,62,2022-06-09
233,Odesa,28,2021-08-23
234,Lviv,37,2021-08-10
235,Dnipro,19,2022-10-01
236,Dnipro,61,2023-02-08
237,Kharkiv,63,2022-02-11
238,Kyiv,55,2022-05-13
239,Kyiv,62,2022-09-10
240,Dnipro,25,2024-03-05
241,Kyiv,40,2023-12-28
242,Kharkiv,60,2023-01-29
243,Kyiv,50,2022-11-30
244,Kyiv,44,2023-10-01
245,Kyiv,45,2023-01-12
246,Kharkiv,63,2021-11-10
247,Kharkiv,29,2023-12-05
248,Odesa,57,2024-01-08
249,Kharkiv,47,2023-06-12
250,Dnipro,35,2022-10-23
251,Lviv,23,2022-07-26
252,Kharkiv,33,2023-08-10
253,Dnipro,57,2023-02-16
254,Odesa,19,2023-10-10
255,Odesa,29,2023-09-26
256,Lviv,40,2022-06-14
257,Odesa,35,2022-07-20
258,Dnipro,18,2023-11-25
259,Lviv,23,2022-05-10
260,Kharkiv,49,2024-02-12
261,Lviv,62,2023-09-03
262,Kharkiv,46,2021-02-05
263,Kyiv,36,2022-03-30
264,Kharkiv,62,2022-05-14
265,Odesa,60,2024-04-06
266,Odesa,48,2024-02-08
267,Dnipro,40,2023-05-22
268,Dnipro,39,2022-12-22
269,Kharkiv,35,2022-09-20
270,Odesa,32,2021-09-05
271,Lviv,38,2021-09-02
272,Dnipro,62,2022-01-15
273,Lviv,31,2023-09-19
274,Odesa,64,2023-12-11
275,Dnipro,36,2021-07-25
276,Lviv,36,2022-04-11
277,Odesa,29,2022-09-12
278,Kyiv,63,2023-12-30
279,Lviv,35,2021-04-04
280,Kyiv,53,2022-08-22
281,Lviv,58,2023-10-03
282,Kyiv,18,2024-03-21
283,Odesa,48,2023-09-08
284,Kharkiv,39,2022-01-13
285,Kyiv,34,2023-09-06
286,Kyiv,22,2023-04-01
287,Kharkiv,22,2024-03-27
288,Kyiv,27,2021-11-02
289,Dnipro,37,2021-06-24
290,Lviv,25,2024-02-17
291,Kharkiv,56,2022-04-08
292,Dnipro,42,2023-07-12
293,Kharkiv,37,2023-05-29
294,Odesa,54,2021-05-04
295,Dnipro,65,2021-07-23
296,Lviv,58,2022-03-09
297,Odesa,60,2021-06-16
298,Lviv,33,2021-12-22
299,Dnipro,22,2021-11-17
300,Kyiv,44,2023-07-12
301,Dnipro,48,2022-08-20
302,Kyiv,32,2022-08-14
303,Odesa,62,2023-07-19
304,Kyiv,61,2022-04-24
305,Odesa,58,2022-02-10
306,Kharkiv,25,2024-01-21
307,Lviv,59,2021-11-02
308,Odesa,27,2021-05-27
309,Kyiv,28,2022-09-22
310,Dnipro,65,2024-03-11
311,Odesa,46,2021-09-12
312,Kharkiv,62,2022-09-15
313,Kharkiv,35,2023-10-22
314,Dnipro,49,2023-06-16
315,Kyiv,56,2021-03-23
316,Kharkiv,65,2022-10-23
317,Dnipro,34,2021-02-22
318,Kyiv,32,2024-03-24
319,Dnipro,19,2022-07-06
320,Dnipro,20,2021-12-25
321,Kharkiv,51,2023-06-25
322,Odesa,29,2024-04-13
323,Kharkiv,58,2023-10-05
324,Kyiv,48,2022-12-14
325,Kharkiv,39,2022-10-20
326,Kyiv,28,2022-11-07
327,Kharkiv,62,2023-10-12
328,Odesa,60,2023-04-01
329,Dnipro,20,2023-07-21
330,Kyiv,38,2022-06-01
331,Odesa,25,2023-04-08
332,Dnipro,18,2024-01-17
333,Kharkiv,44,2021-04-22
334,Lviv,51,2023-01-11
335,Dnipro,49,2023-06-25
336,Kyiv,31,2022-07-01
337,Dnipro,26,2022-08-13
338,Kharkiv,62,2023-09-20
339,Kyiv,19,2022-05-06
340,Lviv,37,2024-02-03
341,Kyiv,53,2023-04-16
342,Kyiv,32,2021-08-21
343,Kharkiv,25,2021-11-12
344,Kharkiv,63,2022-08-21
345,Dnipro,63,2022-07-14
346,Kharkiv,48,2023-08-26
347,Lviv,47,2024-02-03
348,Lviv,42,2022-01-26
349,Dnipro,50,2021-10-07
350,Kyiv,35,2023-04-30
351,Odesa,50,2022-07-02
352,Kyiv,36,2022-09-04
353,Dnipro,55,2023-09-30
354,Lviv,46,2024-01-09
355,Kharkiv,40,2022-11-12
356,Dnipro,52,2023-02-12
357,Kharkiv,38,2022-01-22
358,Lviv,54,2023-02-24
359,Lviv,44,2021-03-31
360,Odesa,65,2023-08-27
361,Kharkiv,42,2021-11-08
362,Kharkiv,20,2021-09-16
363,Dnipro,55,2022-11-11
364,Kyiv,46,2021-07-24
365,Dnipro,47,2021-02-01
366,Lviv,44,2021-11-13
367,Kyiv,48,2022-06-27
368,Odesa,57,2023-03-26
369,Kyiv,39,2023-12-29
370,Kharkiv,38,2023-09-27
371,Dnipro,20,2021-05-21
372,Lviv,58,2022-08-12
373,Lviv,65,2021-07-05
374,Kharkiv,24,2021-07-25
375,Kharkiv,28,2022-09-06
376,Kyiv,20,2022-10-27
377,Kyiv,36,2023-01-05
378,Odesa,45,2021-10-26
379,Lviv,51,2023-04-24
380,Dnipro,61,2022-01-04
381,Lviv,29,2021-06-11
382,Dnipro,42,2022-05-09
383,Kharkiv,55,2021-10-21
384,Lviv,47,2022-06-05
385,Kharkiv,34,2021-01-20
386,Kharkiv,36,2024-01-25
387,Lviv,22,2023-06-24
388,Odesa,55,2022-09-05
389,Kharkiv,62,2022-05-28
390,Kharkiv,37,2022-02-12
391,Kharkiv,48,2021-08-07
392,Lviv,42,2024-03-17
393,Odesa,54,2022-08-29
394,Odesa,19,2023-03-22
395,Odesa,18,2024-03-05
396,Kyiv,56,2023-10-15
397,Odesa,32,2022-12-23
398,Lviv,58,2022-01-25
399,Dnipro,34,2021-10-08
400,Kyiv,58,2021-03-22
401,Odesa,46,2021-03-10
402,Dnipro,41,2021-09-27
403,Kyiv,36,2022-11-01
404,Kharkiv,29,2022-02-16
405,Lviv,52,2023-01-20
406,Dnipro,50,2022-07-13
407,Lviv,34,2023-09-14
408,Odesa,65,2022-11-25
409,Kyiv,47,2021-06-04
410,Lviv,32,2023-03-25
411,Dnipro,41,2021-07-04
412,Kharkiv,18,2022-06-26
413,Dnipro,25,2023-07-21
414,Odesa,61,2022-06-21
415,Dnipro,42,2023-01-31
416,Kyiv,61,2022-04-24
417,Kharkiv,19,2024-02-24
418,Odesa,57,2022-03-30
419,Kyiv,58,2023-08-09
420,Odesa,59,2023-04-17
421,Kyiv,26,2021-04-03
422,Kyiv,37,2023-10-06
423,Kyiv,24,2022-04-26
424,Dnipro,26,2023-03-07
425,Kharkiv,41,2024-01-12
426,Kharkiv,55,2021-11-13
427,Kharkiv,59,2021-07-22
428,Kharkiv,57,2023-04-16
429,Odesa,20,2023-01-29
430,Lviv,46,2023-06-30
431,Lviv,41,2021-07-23
432,Odesa,52,2023-01-05
433,Kyiv,43,2022-07-20
434,Lviv,25,2023-07-21
435,Kyiv,60,2022-03-11
436,Dnipro,19,2021-04-14
437,Odesa,33,2021-09-15
438,Dnipro,31,2021-05-21
439,Dnipro,31,2024-04-15
440,Lviv,32,2022-11-04
441,Lviv,56,2021-01-06
442,Odesa,27,2021-09-24
443,Dnipro,34,2021-12-24
444,Kyiv,60,2021-02-22
445,Lviv,18,2023-01-04
446,Lviv,55,2022-10-26
447,Kyiv,29,2022-06-28
448,Kyiv,26,2023-05-13
449,Dnipro,25,2021-05-11
450,Kharkiv,46,2023-01-12
451,Dnipro,55,2021-08-12
452,Kharkiv,50,2022-03-30
453,Dnipro,20,2023-12-04
454,Odesa,47,2021-03-05
455,Kyiv,48,2023-04-03
456,Kharkiv,61,2021-08-10
457,Kharkiv,63,2023-06-28
458,Kyiv,23,2022-10-22
459,Dnipro,27,2021-05-15
460,Lviv,35,2024-04-13
461,Dnipro,63,2022-10-28
462,Kharkiv,56,2023-12-23
463,Odesa,47,2023-11-02
464,Dnipro,45,2021-07-23
465,Kyiv,59,2024-02-04
466,Lviv,45,2023-07-14
467,Lviv,44,2022-11-26
468,Kharkiv,43,2023-05-02
469,Kyiv,38,2023-05-25
470,Odesa,60,2022-06-07
471,Odesa,27,2023-08-30
472,Kyiv,23,2021-06-24
473,Kyiv,45,2021-07-17
474,Odesa,26,2024-02-14
475,Kyiv,55,2024-02-25
476,Dnipro,39,2021-09-08
477,Kharkiv,40,2023-05-17
478,Kyiv,36,2022-10-02
479,Odesa,24,2024-03-29
480,Dnipro,31,2021-11-13
481,Kharkiv,32,2021-08-10
482,Odesa,53,2023-01-23
483,Kyiv,35,2024-03-21
484,Lviv,45,2024-02-23
485,Dnipro,57,2024-02-15
486,Kyiv,56,2022-07-02
487,Kyiv,29,2022-07-14
488,Odesa,39,2022-12-20
489,Kyiv,29,2021-10-21
490,Dnipro,60,2023-04-01
491,Kyiv,27,2021-03-04
492,Kyiv,65,2023-12-23
493,Lviv,42,2023-05-10
494,Kharkiv,39,2021-11-19
495,Odesa,37,2022-10-27
496,Dnipro,56,2021-06-23
497,Kyiv,27,2021-11-19
498,Dnipro,21,2021-06-17
499,Odesa,46,2023-05-19
500,Kharkiv,56,2023-06-25
501,Kharkiv,35,2022-03-18
502,Dnipro,25,2022-12-08
503,Kharkiv,25,2022-08-04
504,Dnipro,49,2023-12-16
505,Odesa,20,2022-03-28
506,Kharkiv,56,2021-04-23
507,Kyiv,31,2022-09-10
508,Lviv,26,2022-06-08
509,Odesa,38,2021-09-03
510,Kyiv,49,2023-06-01
511,Lviv,26,2023-02-18
512,Dnipro,63,2022-04-17
513,Dnipro,53,2022-12-27
514,Kyiv,43,2021-03-28
515,Kharkiv,19,2023-07-31
516,Kyiv,38,2024-03-25
517,Kharkiv,54,2023-04-09
518,Kharkiv,36,2021-08-24
519,Kharkiv,19,2022-10-28
520,Lviv,57,2023-08-01
521,Odesa,23,2023-06-14
522,Kyiv,33,2023-06-12
523,Dnipro,43,2023-12-10
524,Kyiv,43,2022-09-28
525,Odesa,32,2022-11-14
526,Lviv,22,2023-11-12
527,Kyiv,51,2023-11-11
528,Lviv,40,2022-12-21
529,Lviv,33,2021-07-30
530,Lviv,34,2022-02-09
531,Lviv,56,2021-11-10
532,Kyiv,29,2023-10-09
533,Kharkiv,54,2024-04-01
534,Kharkiv,61,2024-03-02
535,Dnipro,38,2022-10-10
536,Lviv,46,2021-05-20
537,Kharkiv,46,2022-09-13
538,Odesa,55,2021-04-26
539,Odesa,50,2021-06-01
540,Odesa,47,2023-07-15
541,Kyiv,21,2023-01-26
542,Odesa,22,2021-07-04
543,Dnipro,56,2023-11-05
544,Kharkiv,47,2024-04-03
545,Dnipro,65,2021-03-26
546,Kharkiv,54,2022-01-21
547,Odesa,56,2023-09-02
548,Dnipro,27,2021-05-07
549,Kharkiv,24,2022-12-05
550,Kyiv,50,2021-12-20
551,Kyiv,33,2023-06-16
552,Kharkiv,51,2023-12-07
553,Dnipro,28,2023-01-16
554,Odesa,36,2023-03-05
555,Kharkiv,39,2021-04-18
556,Odesa,22,2022-11-07
557,Kyiv,53,2023-03-03
558,Odesa,34,2021-11-04
559,Odesa,23,2024-04-08
560,Lviv,40,2022-09-28
561,Kharkiv,26,2021-06-23
562,Odesa,53,2023-02-11
563,Odesa,26,2023-12-15
564,Kyiv,59,2023-05-18
565,Dnipro,41,2021-02-07
566,Odesa,37,2022-01-05
567,Lviv,39,2023-09-23
568,Lviv,32,2021-10-09
569,Lviv,22,2022-08-29
570,Kyiv,50,2024-01-11
571,Dnipro,20,2022-11-21
572,Dnipro,26,2023-02-11
573,Lviv,28,2022-01-06
574,Dnipro,28,2023-06-16
575,Kyiv,44,2023-01-17
576,Lviv,46,2022-08-07
577,Kharkiv,32,2023-12-30
578,Lviv,37,2023-08-19
579,Lviv,41,2024-03-14
580,Kharkiv,47,2022-08-01
581,Kharkiv,50,2023-12-17
582,Kharkiv,28,2022-02-13
583,Dnipro,26,2022-05-28
584,Kyiv,59,2023-09-12
585,Odesa,53,2021-07-30
586,Dnipro,25,2022-08-07
587,Kyiv,28,2022-07-13
588,Kharkiv,50,2021-10-29
589,Kharkiv,23,2022-03-31
590,Kharkiv,40,2021-02-24
591,Kharkiv,21,2023-03-23
592,Dnipro,41,2022-04-28
593,Kharkiv,23,2023-02-07
594,Lviv,19,2022-10-15
595,Kyiv,63,2022-11-18
596,Lviv,26,2021-03-20
597,Odesa,48,2021-10-12
598,Kharkiv,46,2021-01-11
599,Kyiv,19,2022-06-09
600,Lviv,27,2024-01-29
601,Dnipro,51,2023-05-17
602,Kyiv,36,2022-05-02
603,Odesa,25,2021-04-08
604,Lviv,44,2023-07-26
605,Kyiv,25,2023-10-21
606,Dnipro,52,2021-02-03
607,Dnipro,54,2022-05-11
608,Lviv,36,2023-05-30
609,Kyiv,57,2022-12-24
610,Lviv,54,2023-05-04
611,Lviv,60,2021-06-25
612,Dnipro,41,2021-05-19
613,Dnipro,52,2023-11-06
614,Dnipro,53,2021-02-11
615,Kharkiv,48,2021-03-31
616,Kharkiv,41,2022-06-04
617,Kyiv,40,2021-05-19
618,Odesa,33,2021-08-01
619,Dnipro,65,2022-11-12
620,Lviv,20,2022-12-23
621,Dnipro,39,2021-12-25
622,Kharkiv,62,2023-09-08
623,Lviv,26,2021-05-10
624,Kharkiv,20,2022-08-24
625,Lviv,20,2022-02-13
626,Kyiv,38,2022-09-28
627,Dnipro,43,2024-01-18
628,Kharkiv,34,2021-03-16
629,Lviv,36,2023-01-02
630,Kyiv,59,2022-11-11
631,Odesa,25,2023-01-24
632,Kharkiv,43,2023-06-20
633,Kharkiv,39,2022-01-18
634,Kharkiv,62,2023-10-16
635,Odesa,51,2022-07-01
636,Kyiv,64,2023-05-20
637,Kyiv,45,2022-01-05
638,Dnipro,36,2022-10-20
639,Kyiv,23,2022-11-03
640,Odesa,37,2023-07-03
641,Dnipro,63,2023-05-23
642,Lviv,62,2023-06-29
643,Odesa,46,2021-03-28
644,Odesa,57,2023-06-10
645,Odesa,58,2021-04-28
646,Kyiv,60,2023-04-12
647,Odesa,50,2021-11-24
648,Kyiv,27,2023-06-17
649,Kyiv,26,2021-05-18
650,Lviv,59,2023-01-21
651,Odesa,42,2024-03-07
652,Kyiv,56,2021-11-11
653,Kharkiv,41,2023-02-01
654,Kharkiv,22,2024-03-21
655,Lviv,51,2023-01-22
656,Kharkiv,38,2022-07-25
657,Lviv,25,2021-02-23
658,Lviv,49,2023-11-27
659,Kharkiv,53,2021-08-30
660,Odesa,34,2023-07-03
661,Lviv,57,2022-08-08
662,Kharkiv,30,2021-09-09
663,Lviv,22,2023-07-15
664,Lviv,63,2023-07-01
665,Kyiv,61,2022-10-17
666,Odesa,63,2021-05-13
667,Dnipro,52,2022-08-18
668,Odesa,28,2021-12-23
669,Odesa,50,2022-04-05
670,Kyiv,30,2021-10-12
671,Lviv,49,2021-02-23
672,Odesa,53,2024-03-18
673,Odesa,47,2024-02-04
674,Lviv,57,2021-06-26
675,Kyiv,37,2023-03-27
676,Kharkiv,51,2023-04-22
677,Kharkiv,54,2021-06-01
678,Lviv,38,2021-06-01
679,Kharkiv,47,2023-11-26
680,Odesa,26,2024-02-04
681,Dnipro,29,2021-09-22
682,Kharkiv,50,2021-04-24
683,Kyiv,51,2021-11-10
684,Odesa,28,2021-11-28
685,Odesa,63,2022-04-07
686,Odesa,51,2022-08-05
687,Kyiv,34,2022-02-07
688,Dnipro,35,2021-09-14
689,Odesa,57,2023-12-29
690,Kyiv,50,2021-12-12
691,Dnipro,55,2021-11-12
692,Lviv,60,2022-11-23
693,Dnipro,20,2021-02-28
694,Kyiv,20,2024-03-27
695,Odesa,59,2022-03-08
696,Dnipro,44,2021-03-04
697,Kharkiv,58,2024-01-23
698,Odesa,59,2022-09-11
699,Kharkiv,33,2023-04-12
700,Odesa,47,2021-05-30
701,Kyiv,28,2023-06-20
702,Kharkiv,48,2023-08-10
703,Lviv,39,2021-10-22
704,Odesa,63,2022-10-16
705,Odesa,43,2021-09-25
706,Odesa,50,2024-02-25
707,Kyiv,38,2022-05-11
708,Kharkiv,25,2022-07-02
709,Kharkiv,33,2021-10-16
710,Kyiv,21,2022-08-18
711,Kharkiv,57,2023-05-07
712,Lviv,28,2022-11-02
713,Dnipro,64,2022-10-03
714,Lviv,28,2023-10-18
715,Dnipro,47,2023-10-19
716,Odesa,49,2021-02-17
717,Kyiv,43,2023-11-02
718,Kharkiv,33,2022-03-17
719,Dnipro,40,2021-04-10
720,Kyiv,36,2023-10-11
721,Dnipro,59,2023-08-22
722,Odesa,52,2021-01-17
723,Kyiv,45,2021-10-02
724,Odesa,64,2023-01-20
725,Kharkiv,41,2021-04-03
726,Kharkiv,21,2024-03-13
727,Dnipro,30,2023-01-13
728,Dnipro,36,2021-05-31
729,Kharkiv,50,2023-07-12
730,Dnipro,35,2021-09-01
731,Lviv,24,2023-03-18
732,Odesa,39,2024-02-17
733,Odesa,27,2022-02-12
734,Dnipro,50,2023-04-03
735,Dnipro,20,2021-04-03
736,Kyiv,26,2022-11-14
737,Kharkiv,51,2023-07-25
738,Lviv,56,2023-11-22
739,Lviv,38,2022-10-15
740,Lviv,43,2022-09-05
741,Dnipro,39,2023-11-05
742,Dnipro,52,2023-10-01
743,Dnipro,37,2023-08-31
744,Kyiv,41,2022-11-10
745,Kyiv,44,2024-04-10
746,Odesa,64,2021-02-24
747,Dnipro,48,2022-06-28
748,Dnipro,54,2022-04-12
749,Kyiv,55,2023-09-11
750,Lviv,51,2023-02-18
751,Lviv,61,2022-05-12
752,Kyiv,54,2021-08-14
753,Lviv,19,2023-06-23
754,Odesa,44,2021-11-07
755,Kharkiv,62,2022-02-22
756,Kharkiv,50,2023-08-24
757,Kyiv,63,2021-10-10
758,Dnipro,31,2024-02-23
759,Odesa,60,2023-09-07
760,Dnipro,42,2022-10-05
761,Lviv,47,2023-12-28
762,Odesa,52,2022-12-27
763,Odesa,57,2023-09-19
764,Lviv,33,2022-07-26
765,Dnipro,37,2022-04-06
766,Odesa,36,2022-03-01
767,Kharkiv,38,2023-09-10
768,Odesa,53,2022-07-15
769,Odesa,25,2024-03-20
770,Dnipro,42,2023-03-20
771,Odesa,27,2022-08-18
772,Kyiv,36,2021-06-11
773,Odesa,46,2022-06-10
774,Kharkiv,31,2022-02-18
775,Dnipro,35,2024-02-26
776,Odesa,26,2021-08-12
777,Dnipro,65,2022-05-06
778,Lviv,21,2023-12-24
779,Lviv,58,2022-04-22
780,Kyiv,24,2023-04-27
781,Odesa,63,2023-08-26
782,Kyiv,61,2021-10-09
783,Kyiv,53,2021-11-20
784,Kharkiv,59,2023-09-02
785,Kharkiv,59,2022-02-13
786,Odesa,38,2022-08-08
787,Kyiv,23,2024-03-21
788,Lviv,52,2021-03-18
789,Lviv,44,2021-12-27
790,Kyiv,43,2023-10-12
791,Lviv,65,2022-08-16
792,Kyiv,18,2022-09-04
793,Dnipro,56,2021-08-08
794,Odesa,36,2023-07-20
795,Dnipro,51,2023-10-09
796,Lviv,50,2023-08-17
797,Odesa,30,2021-08-19
798,Odesa,28,2023-07-29
799,Odesa,63,2022-01-17
800,Kyiv,65,2022-11-22
801,Odesa,54,2022-01-31
802,Lviv,57,2023-04-11
803,Kharkiv,50,2022-11-03
804,Kyiv,43,2021-07-15
805,Lviv,26,2023-09-05
806,Odesa,33,2021-01-14
807,Odesa,42,2022-04-28
808,Kharkiv,35,2022-11-07
809,Odesa,55,2024-03-19
810,Kyiv,34,2023-01-07
811,Lviv,21,2021-08-31
812,Kharkiv,37,2021-11-24
813,Kharkiv,61,2023-10-27
814,Odesa,62,2021-08-29
815,Odesa,41,2022-03-29
816,Lviv,26,2023-09-07
817,Lviv,47,2023-02-05
818,Kharkiv,62,2024-01-30
819,Kharkiv,52,2022-03-24
820,Lviv,61,2021-06-17
821,Dnipro,46,2023-12-18
822,Odesa,22,2024-03-01
823,Kyiv,21,2024-01-27
824,Dnipro,30,2024-03-18
825,Dnipro,27,2021-12-03
826,Odesa,51,2023-06-24
827,Kyiv,61,2022-02-25
828,Dnipro,49,2021-07-06
829,Dnipro,46,2021-04-24
830,Kharkiv,26,2023-11-18
831,Kharkiv,47,2024-02-29
832,Kyiv,53,2023-08-05
833,Odesa,64,2021-02-14
834,Kharkiv,34,2021-01-07
835,Lviv,55,2021-05-30
836,Kyiv,45,2022-12-07
837,Kyiv,52,2021-05-04
838,Kyiv,48,2021-03-06
839,Odesa,44,2022-01-04
840,Lviv,59,2023-05-11
841,Odesa,42,2023-07-08
842,Kharkiv,42,2021-06-14
843,Dnipro,26,2022-12-14
844,Kyiv,29,2024-01-06
845,Kharkiv,51,2021-09-18
846,Lviv,18,2021-02-16
847,Odesa,47,2024-01-21
848,Kharkiv,52,2023-02-16
849,Lviv,33,2023-08-02
850,Odesa,27,2022-07-19
851,Lviv,64,2021-08-20
852,Kyiv,60,2023-05-09
853,Dnipro,19,2022-05-08
854,Lviv,22,2021-07-26
855,Dnipro,20,2023-07-04
856,Dnipro,61,2021-04-10
857,Lviv,65,2021-04-01
858,Kharkiv,46,2022-04-25
859,Dnipro,31,2021-04-26
860,Lviv,50,2022-08-16
861,Lviv,64,2024-03-25
862,Odesa,54,2022-10-19
863,Lviv,37,2021-10-21
864,Dnipro,32,2023-04-27
865,Odesa,35,2021-05-05
866,Dnipro,55,2021-12-25
867,Kharkiv,53,2023-10-13
868,Kyiv,40,2023-02-20
869,Dnipro,38,2023-05-03
870,Kharkiv,27,2022-09-07
871,Kharkiv,29,2024-01-07
872,Kharkiv,33,2022-04-07
873,Odesa,63,2021-10-23
874,Kharkiv,21,2024-02-26
875,Kharkiv,44,2024-02-16
876,Dnipro,26,2023-03-07
877,Lviv,34,2022-02-21
878,Odesa,59,2021-06-11
879,Kharkiv,41,2021-07-09
880,Dnipro,64,2022-01-26
881,Kyiv,35,2023-02-12
882,Dnipro,56,2021-03-22
883,Kyiv,30,2024-02-19
884,Lviv,48,2022-03-04
885,Odesa,37,2021-02-01
886,Lviv,30,2021-08-29
887,Kharkiv,33,2022-02-23
888,Kharkiv,33,2024-02-05
889,Odesa,36,2023-02-19
890,Kharkiv,52,2023-01-06
891,Odesa,34,2023-01-07
892,Dnipro,49,2023-08-13
893,Kyiv,64,2023-08-20
894,Odesa,31,2023-01-30
895,Odesa,44,2021-04-04
896,Dnipro,32,2021-10-26
897,Kyiv,34,2024-02-08
898,Dnipro,55,2023-05-06
899,Odesa,27,2022-02-06
900,Odesa,32,2023-02-17
901,Dnipro,33,2023-10-20
902,Dnipro,59,2022-11-23
903,Odesa,49,2023-10-02
904,Kharkiv,28,2022-12-23
905,Lviv,26,2024-01-25
906,Kharkiv,29,2024-01-16
907,Kyiv,51,2021-03-11
908,Kyiv,60,2021-04-10
909,Kyiv,44,2021-10-09
910,Lviv,22,2021-11-06
911,Kyiv,31,2023-11-02
912,Kharkiv,41,2021-05-04
913,Dnipro,58,2023-09-17
914,Kharkiv,19,2021-01-14
915,Dnipro,53,2023-04-23
916,Kyiv,19,2023-12-21
917,Odesa,52,2022-08-11
918,Kyiv,50,2023-06-01
919,Lviv,24,2021-07-17
920,Dnipro,27,2022-05-09
921,Lviv,57,2023-12-15
922,Odesa,40,2022-07-02
923,Kharkiv,23,2023-02-04
924,Kharkiv,47,2024-03-03
925,Lviv,62,2022-04-08
926,Odesa,61,2021-06-15
927,Kyiv,23,2023-04-11
928,Kharkiv,42,2024-02-06
929,Kharkiv,21,2021-01-20
930,Lviv,23,2023-10-21
931,Kharkiv,59,2022-11-10
932,Dnipro,24,2023-12-18
933,Kyiv,32,2022-03-09
934,Dnipro,48,2022-07-10
935,Kyiv,22,2022-07-29
936,Dnipro,54,2021-03-09
937,Lviv,38,2021-02-02
938,Lviv,55,2021-10-23
939,Kharkiv,22,2022-09-05
940,Lviv,54,2022-05-08
941,Dnipro,42,2024-01-13
942,Odesa,42,2021-10-14
943,Kyiv,50,2022-12-10
944,Kyiv,24,2023-06-15
945,Lviv,22,2022-11-29
946,Dnipro,57,2023-03-24
947,Odesa,19,2022-07-14
948,Kharkiv,49,2022-04-13
949,Odesa,53,2023-02-08
950,Kharkiv,29,2024-04-14
951,Kharkiv,23,2022-08-28
952,Lviv,63,2021-05-31
953,Kyiv,35,2021-11-12
954,Kharkiv,63,2021-11-12
955,Kharkiv,38,2023-01-09
956,Kyiv,23,2021-01-11
957,Odesa,46,2023-01-08
958,Odesa,24,2021-09-29
959,Kyiv,29,2023-06-02
960,Kharkiv,53,2024-02-11
961,Dnipro,44,2021-07-31
962,Kyiv,23,2022-12-26
963,Dnipro,23,2022-10-27
964,Kharkiv,18,2022-08-21
965,Kharkiv,42,2021-06-23
966,Dnipro,33,2024-03-17
967,Dnipro,28,2023-02-19
968,Lviv,26,2022-07-05
969,Odesa,35,2023-10-07
970,Lviv,22,2021-12-09
971,Kharkiv,35,2023-05-13
972,Odesa,48,2021-06-07
973,Odesa,34,2022-05-21
974,Kharkiv,56,2022-02-05
975,Kharkiv,24,2021-10-05
976,Odesa,18,2023-03-22
977,Odesa,57,2023-02-18
978,Odesa,46,2022-11-17
979,Kharkiv,59,2021-10-06
980,Odesa,38,2022-02-16
981,Kharkiv,38,2021-12-30
982,Kharkiv,38,2022-08-20
983,Kharkiv,54,2022-05-12
984,Odesa,42,2022-07-29
985,Kharkiv,41,2021-08-22
986,Dnipro,30,2024-01-23
987,Lviv,61,2024-02-01
988,Kyiv,64,2023-08-04
989,Lviv,46,2022-08-20
990,Kyiv,44,2023-10-20
991,Lviv,58,2022-09-13
992,Lviv,34,2021-11-12
993,Kharkiv,42,2021-06-01
994,Kharkiv,56,2023-09-09
995,Dnipro,43,2023-12-31
996,Dnipro,62,2023-05-07
997,Dnipro,20,2023-01-07
998,Dnipro,56,2021-06-24
999,Kyiv,33,2022-12-29
1000,Lviv,59,2021-04-01
1001,Dnipro,59,2023-03-30
1002,Odesa,45,2021-08-05
1003,Kyiv,24,2022-06-14
1004,Lviv,50,2023-11-29
1005,Dnipro,55,2024-03-24
1006,Lviv,46,2023-02-06
1007,Kharkiv,47,2023-10-22
1008,Lviv,40,2021-02-20
1009,Kharkiv,24,2022-08-29
1010,Kharkiv,23,2021-08-26
1011,Lviv,40,2022-10-01
1012,Odesa,47,2022-02-28
1013,Dnipro,48,2022-12-15
1014,Kharkiv,24,2023-06-17
1015,Kharkiv,38,2021-05-18
1016,Odesa,20,2021-08-24
1017,Kyiv,39,2021-08-12
1018,Lviv,65,2022-05-15
1019,Dnipro,29,2024-02-05
1020,Lviv,39,2024-02-21
1021,Kharkiv,47,2022-04-20
1022,Kharkiv,58,2022-01-13
1023,Lviv,58,2023-06-05
1024,Kharkiv,19,2022-02-09
1025,Kharkiv,55,2023-05-30
1026,Kharkiv,18,2022-03-16
1027,Lviv,35,2021-05-09
1028,Dnipro,24,2024-01-05
1029,Lviv,41,2022-10-30
1030,Lviv,47,2021-08-22
1031,Odesa,60,2023-09-30
1032,Dnipro,58,2022-10-04
1033,Dnipro,42,2023-03-15
1034,Dnipro,25,2022-12-14
1035,Odesa,47,2021-12-20
1036,Odesa,57,2021-06-23
1037,Lviv,38,2021-08-30
1038,Lviv,37,2021-08-28
1039,Lviv,41,2021-10-17
1040,Dnipro,42,2023-05-07
1041,Dnipro,26,2024-03-23
1042,Kharkiv,45,2022-01-16
1043,Kharkiv,58,2024-01-06
1044,Lviv,53,2021-12-08
1045,Kharkiv,36,2021-10-15
1046,Lviv,38,2023-07-13
1047,Dnipro,21,2023-01-06
1048,Kyiv,49,2021-10-07
1049,Lviv,42,2024-02-25
1050,Dnipro,59,2023-10-11
1051,Kharkiv,61,2023-10-05
1052,Kharkiv,63,2023-06-29
1053,Kharkiv,28,2021-06-19
1054,Dnipro,19,2022-03-28
1055,Odesa,20,2022-07-17
1056,Lviv,52,2022-08-15
1057,Lviv,47,2024-03-04
1058,Kharkiv,53,2023-11-13
1059,Kyiv,54,2021-08-22
1060,Odesa,52,2023-01-22
1061,Dnipro,20,2023-06-23
1062,Dnipro,31,2023-05-21
1063,Kyiv,65,2022-05-22
1064,Odesa,20,2023-07-11
1065,Odesa,40,2021-06-28
1066,Kharkiv,25,2022-05-01
1067,Lviv,65,2022-12-20
1068,Dnipro,58,2023-05-27
1069,Lviv,57,2021-10-13
1070,Lviv,31,2021-05-02
1071,Dnipro,40,2023-12-27
1072,Odesa,56,2024-01-09
1073,Lviv,38,2022-08-23
1074,Odesa,54,2022-07-02
1075,Dnipro,61,2021-07-15
1076,Lviv,44,2021-05-02
1077,Odesa,59,2021-09-17
1078,Lviv,33,2021-10-27
1079,Odesa,33,2023-03-16
1080,Kharkiv,27,2024-03-28
1081,Odesa,58,2023-04-29
1082,Kharkiv,46,2021-06-04
1083,Kyiv,43,2023-11-22
1084,Odesa,62,2023-01-26
1085,Kharkiv,49,2022-11-02
1086,Dnipro,18,2021-07-10
1087,Kharkiv,58,2023-01-04
1088,Kyiv,52,2023-03-26
1089,Lviv,45,2022-03-10
1090,Kharkiv,35,2022-10-24
1091,Odesa,39,2024-01-26
1092,Dnipro,26,2024-03-05
1093,Kharkiv,39,2021-04-10
1094,Kyiv,24,2023-07-31
1095,Kyiv,25,2021-11-20
1096,Kharkiv,47,2021-01-02
1097,Kharkiv,30,2021-09-28
1098,Odesa,28,2022-07-16
1099,Kyiv,59,2023-01-09
1100,Odesa,23,2023-02-01
1101,Lviv,21,2023-03-23
1102,Odesa,64,2022-04-25
1103,Kharkiv,59,2021-07-06
1104,Kyiv,18,2022-03-14
1105,Kharkiv,22,2021-09-29
1106,Dnipro,32,2023-11-30
1107,Kharkiv,18,2021-01-17
1108,Odesa,25,2023-05-15
1109,Lviv,48,2021-05-26
1110,Lviv,42,2021-07-02
1111,Kyiv,24,2022-10-04
1112,Odesa,37,2021-10-08
1113,Kharkiv,26,2021-10-20
1114,Kyiv,51,2024-02-28
1115,Kyiv,57,2021-12-03
1116,Kharkiv,40,2022-03-13
1117,Lviv,44,2023-06-26
1118,Lviv,23,2021-07-25
1119,Lviv,25,2023-02-26
1120,Odesa,45,2022-10-07
1121,Lviv,33,2022-07-22
1122,Kyiv,33,2024-02-08
1123,Dnipro,56,2022-08-07
1124,Kyiv,60,2022-09-10
1125,Lviv,51,2023-11-10
1126,Lviv,65,2023-03-14
1127,Odesa,59,2021-04-22
1128,Lviv,49,2023-03-02
1129,Kyiv,33,2023-10-21
1130,Dnipro,22,2023-12-18
1131,Kyiv,41,2022-10-11
1132,Lviv,42,2024-03-10
1133,Kharkiv,41,2024-01-24
1134,Lviv,48,2021-05-30
1135,Kyiv,55,2021-05-19
1136,Kyiv,34,2022-03-18
1137,Kyiv,21,2023-03-27
1138,Dnipro,36,2023-10-24
1139,Kharkiv,45,2023-04-04
1140,Kyiv,58,2024-01-04
1141,Dnipro,57,2021-11-09
1142,Odesa,23,2022-09-27
1143,Kyiv,50,2022-02-21
1144,Lviv,52,2022-11-01
1145,Kharkiv,55,2021-05-16
1146,Odesa,62,2023-06-15
1147,Lviv,21,2022-05-16
1148,Kyiv,45,2021-08-26
1149,Kharkiv,57,2021-04-23
1150,Odesa,60,2021-12-26
1151,Kyiv,18,2021-10-09
1152,Kyiv,28,2023-10-14
1153,Odesa,51,2023-11-26
1154,Odesa,28,2023-02-01
1155,Lviv,65,2022-07-05
1156,Kyiv,19,2022-11-18
1157,Kharkiv,35,2023-12-09
1158,Kyiv,34,2024-03-26
1159,Kyiv,49,2023-07-22
1160,Dnipro,41,2021-04-24
1161,Kharkiv,54,2021-12-08
1162,Odesa,28,2022-06-07
1163,Kyiv,54,2021-08-25
1164,Lviv,65,2023-11-09
1165,Kyiv,20,2021-01-26
1166,Lviv,20,2023-08-25
1167,Odesa,42,2021-11-04
1168,Lviv,20,2024-02-07
1169,Kharkiv,32,2022-10-22
1170,Lviv,44,2022-10-18
1171,Odesa,22,2024-03-16
1172,Odesa,25,2023-10-26
1173,Kyiv,29,2022-04-03
1174,Dnipro,20,2023-04-02
1175,Kyiv,47,2022-08-02
1176,Odesa,38,2021-06-26
1177,Dnipro,47,2021-01-17
1178,Odesa,30,2022-08-21
1179,Dnipro,37,2022-05-12
1180,Kharkiv,41,2023-10-08
1181,Lviv,64,2024-01-25
1182,Lviv,27,2021-01-14
1183,Kharkiv,19,2022-04-23
1184,Dnipro,40,2021-01-20
1185,Odesa,18,2023-02-10
1186,Odesa,24,2022-02-25
1187,Dnipro,33,2023-05-10
1188,Kharkiv,21,2021-10-19
1189,Odesa,23,2021-03-31
1190,Lviv,51,2023-04-26
1191,Odesa,47,2021-06-23
1192,Dnipro,24,2023-11-02
1193,Lviv,58,2023-03-19
1194,Kyiv,55,2024-03-08
1195,Kyiv,45,2021-09-25
1196,Lviv,36,2022-06-19
1197,Odesa,43,2022-10-31
1198,Odesa,46,2022-07-11
1199,Lviv,22,2022-02-20
1200,Lviv,55,2021-08-12
1201,Lviv,24,2021-12-03
1202,Kharkiv,47,2022-10-06
1203,Kharkiv,25,2024-01-03
1204,Odesa,31,2023-07-15
1205,Odesa,47,2022-06-27
1206,Kyiv,23,2021-11-19
1207,Odesa,63,2021-03-24
1208,Lviv,38,2021-10-31
1209,Kyiv,63,2022-05-24
1210,Odesa,43,2023-11-18
1211,Kyiv,61,2022-09-05
1212,Odesa,29,2021-03-05
1213,Kharkiv,46,2024-02-13
1214,Dnipro,33,2021-07-13
1215,Kharkiv,24,2021-10-14
1216,Kyiv,18,2021-05-07
1217,Lviv,26,2022-02-10
1218,Kharkiv,41,2021-06-22
1219,Dnipro,55,2022-06-15
1220,Kyiv,19,2021-05-13
1221,Lviv,59,2023-06-28
1222,Lviv,23,2022-11-11
1223,Kyiv,20,2023-08-03
1224,Kyiv,28,2024-03-21
1225,Kharkiv,64,2023-03-20
1226,Kharkiv,19,2023-02-23
1227,Kharkiv,29,2022-12-26
1228,Lviv,29,2022-07-18
1229,Odesa,46,2021-11-01
1230,Kyiv,57,2022-05-19
1231,Odesa,49,2023-04-24
1232,Dnipro,48,2021-05-05
1233,Kyiv,35,2023-02-24
1234,Lviv,44,2022-02-13
1235,Dnipro,33,2024-01-19
1236,Kyiv,42,2023-01-06
1237,Kharkiv,52,2023-09-20
1238,Odesa,54,2023-10-26
1239,Odesa,42,2022-07-08
1240,Lviv,19,2022-10-16
1241,Dnipro,32,2021-03-02
1242,Odesa,21,2023-08-25
1243,Dnipro,40,2024-04-11
1244,Lviv,28,2021-07-25
1245,Lviv,60,2022-05-09
1246,Odesa,52,2021-04-25
1247,Lviv,54,2023-03-07
1248,Odesa,29,2021-12-27
1249,Lviv,55,2022-10-14
1250,Odesa,55,2021-02-27
1251,Odesa,54,2024-02-29
1252,Lviv,54,2022-01-21
1253,Kharkiv,52,2022-09-25
1254,Lviv,49,2021-03-19
1255,Kyiv,21,2022-04-22
1256,Dnipro,32,2021-02-10
1257,Dnipro,48,2021-01-02
1258,Odesa,57,2022-02-17
1259,Lviv,39,2021-12-30
1260,Odesa,21,2021-02-14
1261,Lviv,55,2021-10-18
1262,Kyiv,51,2023-01-18
1263,Kyiv,41,2023-03-22
1264,Dnipro,24,2022-11-21
1265,Odesa,38,2021-10-07
1266,Lviv,64,2023-06-14
1267,Kharkiv,59,2022-10-12
1268,Lviv,63,2024-02-25
1269,Dnipro,40,2022-04-03
1270,Dnipro,29,2023-02-14
1271,Odesa,64,2022-08-27
1272,Lviv,29,2021-01-04
1273,Dnipro,43,2024-03-08
1274,Kyiv,29,2022-10-14
1275,Dnipro,32,2024-03-04
1276,Kyiv,49,2021-10-16
1277,Odesa,65,2021-06-09
1278,Lviv,40,2022-10-17
1279,Lviv,58,2021-07-01
1280,Odesa,46,2021-01-24
1281,Odesa,31,2022-05-27
1282,Kyiv,40,2022-06-10
1283,Kyiv,64,2021-01-03
1284,Kyiv,42,2023-06-17
1285,Kharkiv,28,2023-04-28
1286,Kharkiv,42,2022-12-21
1287,Dnipro,42,2021-07-27
1288,Kharkiv,54,2022-04-07
1289,Lviv,46,2021-05-31
1290,Kyiv,36,2021-02-11
1291,Odesa,34,2021-08-03
1292,Kyiv,39,2021-12-15
1293,Kharkiv,28,2021-06-03
1294,Dnipro,23,2022-11-24
1295,Dnipro,57,2023-09-16
1296,Kyiv,45,2021-12-04
1297,Dnipro,45,2021-11-18
1298,Kyiv,24,2022-11-10
1299,Lviv,30,2023-04-19
1300,Dnipro,64,2024-01-12
1301,Odesa,60,2022-07-31
1302,Odesa,33,2021-07-16
1303,Kyiv,43,2024-03-16
1304,Dnipro,49,2021-11-11
1305,Kyiv,41,2021-01-08
1306,Kharkiv,23,2022-08-27
1307,Dnipro,48,2022-02-13
1308,Kyiv,19,2022-02-28
1309,Lviv,58,2022-08-21
1310,Kyiv,48,2021-08-25
1311,Odesa,43,2023-08-23
1312,Kharkiv,60,2022-06-27
1313,Kyiv,59,2024-01-20
1314,Kharkiv,29,2023-01-30
1315,Kharkiv,41,2022-01-18
1316,Kharkiv,20,2022-06-24
1317,Kharkiv,47,2022-06-24
1318,Lviv,35,2024-03-01
1319,Kyiv,27,2021-07-18
1320,Kyiv,60,2022-12-06
1321,Dnipro,44,2022-04-11
1322,Dnipro,21,2023-03-04
1323,Dnipro,44,2024-01-02
1324,Kharkiv,54,2022-04-28
1325,Kharkiv,37,2021-06-11
1326,Kharkiv,63,2021-03-13
1327,Dnipro,54,2023-11-25
1328,Dnipro,61,2021-10-29
1329,Kyiv,46,2021-12-21
1330,Lviv,31,2022-01-30
1331,Lviv,20,2023-05-18
1332,Kyiv,61,2023-06-11
1333,Lviv,58,2021-10-30
1334,Dnipro,34,2022-10-17
1335,Kyiv,23,2023-03-06
1336,Dnipro,43,2024-02-05
1337,Odesa,35,2023-12-01
1338,Kharkiv,18,2023-12-07
1339,Kharkiv,25,2023-04-29
1340,Lviv,27,2024-03-06
1341,Dnipro,55,2021-07-25
1342,Kyiv,54,2021-07-26
1343,Odesa,52,2022-12-06
1344,Kharkiv,34,2023-02-24
1345,Kharkiv,54,2023-08-27
1346,Kyiv,29,2022-07-19
1347,Kharkiv,27,2023-04-03
1348,Kyiv,43,2022-11-10
1349,Lviv,21,2023-09-01
1350,Odesa,41,2021-02-11
1351,Odesa,37,2022-09-29
1352,Odesa,49,2021-07-21
1353,Lviv,26,2022-09-08
1354,Kharkiv,38,2022-07-06
1355,Kharkiv,56,2021-07-02
1356,Lviv,46,2022-03-09
1357,Kharkiv,65,2023-09-20
1358,Dnipro,41,2021-04-26
1359,Dnipro,28,2021-05-15
1360,Odesa,63,2023-11-04
1361,Kharkiv,26,2023-12-10
1362,Dnipro,19,2021-12-22
1363,Lviv,30,2021-04-29
1364,Lviv,20,2023-07-24
1365,Kyiv,41,2022-02-12
1366,Odesa,41,2023-08-09
1367,Dnipro,43,2021-09-11
1368,Kyiv,33,2023-02-02
1369,Kharkiv,56,2023-07-03
1370,Lviv,48,2024-02-04
1371,Odesa,40,2021-12-01
1372,Odesa,65,2021-07-05
1373,Odesa,19,2023-03-03
1374,Kyiv,28,2024-03-17
1375,Lviv,32,2022-04-07
1376,Lviv,35,2023-04-19
1377,Dnipro,19,2021-01-19
1378,Kharkiv,26,2021-12-21
1379,Dnipro,18,2022-04-04
1380,Odesa,56,2022-09-18
1381,Odesa,45,2023-02-11
1382,Odesa,47,2022-06-01
1383,Lviv,47,2022-09-11
1384,Dnipro,57,2023-03-25
1385,Dnipro,24,2021-01-16
1386,Dnipro,60,2023-02-06
1387,Dnipro,59,2022-08-02
1388,Odesa,61,2021-08-10
1389,Kharkiv,22,2022-11-20
1390,Odesa,58,2022-10-28
1391,Odesa,34,2022-09-04
1392,Lviv,27,2023-11-26
1393,Lviv,21,2023-04-08
1394,Odesa,61,2021-10-14
1395,Kyiv,59,2023-10-16
1396,Odesa,34,2023-05-08
1397,Kharkiv,42,2021-03-14
1398,Dnipro,63,2024-03-17
1399,Lviv,39,2022-04-01
1400,Dnipro,58,2023-09-02
1401,Odesa,50,2022-09-07
1402,Lviv,60,2024-02-18
1403,Lviv,36,2021-07-19
1404,Kharkiv,26,2022-06-14
1405,Dnipro,29,2022-11-19
1406,Kyiv,32,2022-12-29
1407,Lviv,65,2022-09-21
1408,Kharkiv,39,2023-02-01
1409,Odesa,55,2022-08-26
1410,Kharkiv,25,2023-08-22
1411,Kyiv,58,2024-04-10
1412,Dnipro,57,2021-05-26
1413,Kharkiv,30,2023-10-22
1414,Kyiv,61,2023-02-21
1415,Dnipro,37,2023-04-27
1416,Kyiv,27,2021-10-09
1417,Lviv,39,2023-04-19
1418,Dnipro,47,2021-10-21
1419,Odesa,63,2022-01-05
1420,Kyiv,49,2022-11-13
1421,Lviv,38,2021-04-29
1422,Kyiv,46,2022-07-15
1423,Lviv,28,2024-03-26
1424,Lviv,49,2021-06-30
1425,Lviv,57,2023-06-08
1426,Kharkiv,43,2023-05-29
1427,Kharkiv,42,2021-01-10
1428,Kyiv,52,2022-02-13
1429,Odesa,18,2022-10-22
1430,Dnipro,30,2021-02-06
1431,Kyiv,58,2022-05-25
1432,Lviv,62,2022-12-07
1433,Odesa,26,2021-07-30
1434,Kharkiv,50,2022-09-19
1435,Lviv,22,2021-04-04
1436,Odesa,36,2023-07-23
1437,Dnipro,56,2023-12-10
1438,Odesa,45,2021-10-02
1439,Odesa,49,2023-01-06
1440,Lviv,28,2023-04-07
1441,Kyiv,32,2022-04-05
1442,Lviv,31,2021-02-14
1443,Dnipro,50,2021-12-13
1444,Kyiv,41,2021-03-18
1445,Kharkiv,58,2022-06-08
1446,Dnipro,57,2021-04-10
1447,Dnipro,21,2021-08-10
1448,Kyiv,21,2021-08-26
1449,Kharkiv,46,2023-02-18
1450,Kyiv,53,2022-06-02
1451,Kharkiv,62,2021-11-10
1452,Lviv,62,2021-01-20
1453,Odesa,44,2021-07-26
1454,Dnipro,35,2021-10-08
1455,Kharkiv,24,2023-11-14
1456,Dnipro,25,2022-08-02
1457,Kyiv,24,2023-10-17
1458,Lviv,56,2022-02-14
1459,Odesa,51,2022-02-18
1460,Odesa,63,2023-04-20
1461,Odesa,28,2021-03-22
1462,Dnipro,49,2022-03-02
1463,Kharkiv,39,2022-04-26
1464,Kyiv,18,2021-07-02
1465,Kyiv,54,2023-10-09
1466,Lviv,23,2023-11-14
1467,Kyiv,64,2021-07-27
1468,Odesa,59,2022-04-19
1469,Kharkiv,36,2022-06-25
1470,Kharkiv,21,2021-07-24
1471,Lviv,20,2022-08-19
1472,Odesa,61,2022-10-03
1473,Kharkiv,65,2021-08-26
1474,Kyiv,20,2021-01-20
1475,Lviv,60,2021-12-16
1476,Odesa,40,2023-06-16
1477,Dnipro,35,2021-07-10
1478,Odesa,39,2022-01-10
1479,Kyiv,43,2023-03-31
1480,Kharkiv,35,2023-03-01
1481,Kharkiv,44,2021-12-08
1482,Kyiv,26,2021-05-01
1483,Lviv,24,2023-05-03
1484,Dnipro,48,2024-03-11
1485,Kharkiv,29,2023-02-17
1486,Odesa,57,2021-03-01
1487,Lviv,48,2023-09-27
1488,Kyiv,44,2023-06-22
1489,Kyiv,22,2022-06-20
1490,Odesa,18,2023-12-11
1491,Dnipro,64,2024-03-03
1492,Lviv,60,2022-11-24
1493,Dnipro,51,2021-07-15
1494,Kharkiv,60,2022-05-25
1495,Kharkiv,40,2023-02-28
1496,Lviv,53,2021-04-22
1497,Kyiv,59,2021-11-18
1498,Dnipro,48,2023-10-13
1499,Lviv,22,2023-10-04
1500,Odesa,33,2022-11-09
1501,Odesa,21,2023-11-05
1502,Lviv,53,2023-02-15
1503,Kharkiv,33,2021-06-11
1504,Kharkiv,46,2024-03-19
1505,Kharkiv,23,2023-10-18
1506,Kharkiv,38,2021-09-01
1507,Kharkiv,65,2021-02-06
1508,Kyiv,43,2023-04-25
1509,Kyiv,53,2024-01-30
1510,Kyiv,23,2022-09-16
1511,Dnipro,53,2022-02-28
1512,Kharkiv,39,2023-01-15
1513,Kyiv,32,2023-07-20
1514,Odesa,53,2023-08-27
1515,Odesa,63,2023-07-16
1516,Kyiv,24,2022-03-31
1517,Kyiv,39,2022-12-29
1518,Odesa,53,2023-12-06
1519,Odesa,62,2021-08-06
1520,Kyiv,28,2023-10-06
1521,Lviv,63,2023-04-19
1522,Kyiv,34,2022-02-06
1523,Lviv,25,2023-03-16
1524,Lviv,47,2022-01-26
1525,Odesa,24,2023-04-29
1526,Kyiv,58,2021-09-10
1527,Kharkiv,47,2023-10-30
1528,Lviv,49,2021-01-09
1529,Dnipro,65,2021-04-10
1530,Dnipro,45,2024-04-13
1531,Kharkiv,50,2021-12-29
1532,Dnipro,29,2021-09-20
1533,Kyiv,42,2022-10-22
1534,Dnipro,42,2023-05-08
1535,Dnipro,62,2022-05-24
1536,Odesa,43,2022-12-04
1537,Odesa,46,2021-10-01
1538,Lviv,44,2023-11-16
1539,Odesa,62,2024-01-27
1540,Odesa,63,2024-02-08
1541,Lviv,30,2022-03-06
1542,Dnipro,63,2022-08-19
1543,Odesa,61,2021-09-29
1544,Lviv,50,2024-01-17
1545,Odesa,63,2021-08-25
1546,Odesa,53,2023-09-11
1547,Dnipro,54,2023-05-05
1548,Dnipro,36,2023-05-16
1549,Kyiv,51,2021-08-07
1550,Kyiv,42,2021-10-25
1551,Kyiv,60,2021-04-26
1552,Lviv,35,2021-11-26
1553,Odesa,61,2022-05-29
1554,Lviv,21,2022-08-28
1555,Lviv,52,2021-03-08
1556,Odesa,46,2021-07-29
1557,Dnipro,61,2024-02-25
1558,Lviv,65,2024-02-24
1559,Kharkiv,33,2023-11-13
1560,Odesa,62,2021-04-07
1561,Kharkiv,42,2023-05-04
1562,Odesa,53,2021-04-21
1563,Kyiv,65,2022-05-30
1564,Lviv,57,2023-06-27
1565,Lviv,58,2023-01-24
1566,Dnipro,52,2022-02-07
1567,Lviv,36,2023-07-09
1568,Lviv,61,2021-06-02
1569,Lviv,29,2023-11-19
1570,Kyiv,42,2021-03-25
1571,Kharkiv,35,2024-02-14
1572,Odesa,26,2021-11-26
1573,Dnipro,34,2021-01-12
1574,Odesa,47,2021-11-14
1575,Kyiv,27,2022-10-23
1576,Dnipro,21,2022-09-09
1577,Kharkiv,54,2024-02-01
1578,Odesa,22,2022-10-13
1579,Dnipro,32,2022-01-12
1580,Dnipro,22,2023-11-01
1581,Lviv,44,2024-01-18
1582,Dnipro,43,2021-07-08
1583,Odesa,32,2022-03-13
1584,Odesa,39,2023-01-09
1585,Odesa,31,2023-12-23
1586,Kharkiv,53,2021-01-19
1587,Kyiv,60,2022-12-10
1588,Kharkiv,33,2022-05-15
1589,Kyiv,61,2022-10-20
1590,Kharkiv,25,2023-03-02
1591,Odesa,52,2022-08-03
1592,Kyiv,51,2023-02-07
1593,Dnipro,50,2023-07-02
1594,Kharkiv,20,2022-08-31
1595,Lviv,38,2023-11-19
1596,Kyiv,24,2021-12-09
1597,Dnipro,52,2021-01-16
1598,Kyiv,31,2022-03-13
1599,Kharkiv,24,2022-02-26
1600,Dnipro,62,2023-06-11
1601,Kyiv,65,2021-11-11
1602,Kyiv,47,2022-11-11
1603,Kyiv,23,2021-05-31
1604,Kyiv,29,2022-05-31
1605,Dnipro,22,2024-03-23
1606,Lviv,34,2023-04-15
1607,Kharkiv,46,2023-04-09
1608,Kharkiv,38,2021-02-04
1609,Kharkiv,61,2021-08-31
1610,Dnipro,18,2021-05-10
1611,Dnipro,20,2021-05-29
1612,Odesa,50,2021-08-06
1613,Odesa,61,2022-09-10
1614,Dnipro,23,2022-07-31
1615,Kharkiv,42,2023-03-21
1616,Kyiv,48,2021-11-17
1617,Dnipro,32,2021-10-07
1618,Kharkiv,52,2022-08-28
1619,Lviv,37,2023-02-04
1620,Kyiv,53,2024-02-11
1621,Lviv,25,2021-03-27
1622,Kyiv,54,2023-03-19
1623,Dnipro,53,2021-06-24
1624,Odesa,31,2022-12-06
1625,Lviv,44,2023-11-16
1626,Lviv,28,2022-01-12
1627,Lviv,57,2022-06-02
1628,Lviv,25,2022-01-07
1629,Dnipro,21,2024-01-30
1630,Kharkiv,59,2024-01-31
1631,Kyiv,36,2021-05-18
1632,Odesa,24,2022-02-09
1633,Dnipro,49,2022-11-09
1634,Odesa,26,2022-04-26
1635,Kyiv,36,2021-05-23
1636,Lviv,38,2023-09-23
1637,Kharkiv,39,2022-09-19
1638,Dnipro,27,2024-03-04
1639,Dnipro,41,2022-10-10
1640,Kharkiv,28,2021-01-10
1641,Odesa,33,2022-03-30
1642,Kharkiv,35,2023-01-07
1643,Lviv,61,2022-11-11
1644,Kharkiv,47,2023-07-02
1645,Odesa,37,2023-09-25
1646,Dnipro,24,2021-12-26
1647,Dnipro,23,2022-07-29
1648,Lviv,52,2022-02-07
1649,Odesa,64,2021-06-06
1650,Kyiv,19,2023-11-05
1651,Kyiv,55,2024-03-31
1652,Kharkiv,55,2022-03-12
1653,Kyiv,53,2022-06-18
1654,Dnipro,52,2023-08-25
1655,Lviv,41,2023-03-15
1656,Lviv,55,2022-08-19
1657,Lviv,47,2023-10-24
1658,Dnipro,23,2023-03-24
1659,Odesa,50,2021-01-22
1660,Lviv,57,2021-12-06
1661,Dnipro,26,2023-07-03
1662,Lviv,29,2024-03-05
1663,Dnipro,60,2021-10-27
1664,Kharkiv,40,2021-03-24
1665,Lviv,49,2022-04-20
1666,Kyiv,34,2023-01-27
1667,Lviv,20,2022-02-28
1668,Dnipro,41,2023-03-06
1669,Kharkiv,47,2021-04-06
1670,Kyiv,59,2022-10-26
1671,Kyiv,63,2023-12-04
1672,Odesa,65,2022-06-24
1673,Dnipro,52,2024-03-13
1674,Lviv,42,2023-02-15
1675,Odesa,55,2021-06-09
1676,Dnipro,34,2023-02-10
1677,Lviv,51,2023-04-12
1678,Odesa,40,2023-09-25
1679,Kharkiv,56,2021-01-14
1680,Dnipro,26,2023-06-20
1681,Lviv,32,2021-06-07
1682,Dnipro,59,2022-07-30
1683,Lviv,27,2022-01-18
1684,Lviv,41,2021-08-31
1685,Lviv,44,2022-11-08
1686,Kyiv,48,2023-09-08
1687,Kharkiv,31,2021-11-27
1688,Kharkiv,19,2022-05-15
1689,Kyiv,26,2024-03-20
1690,Dnipro,28,2021-10-03
1691,Dnipro,20,2024-03-18
1692,Lviv,21,2021-12-07
1693,Odesa,29,2023-11-25
1694,Kharkiv,56,2024-02-29
1695,Kyiv,64,2022-08-04
1696,Kyiv,31,2023-07-09
1697,Dnipro,48,2023-09-14
1698,Lviv,32,2023-04-22
1699,Dnipro,27,2024-04-08
1700,Lviv,57,2023-11-13
1701,Odesa,28,2022-12-03
1702,Kharkiv,56,2021-05-21
1703,Lviv,42,2023-03-01
1704,Lviv,24,2021-02-03
1705,Lviv,51,2023-10-30
1706,Kharkiv,27,2021-07-17
1707,Lviv,48,2021-03-21
1708,Dnipro,50,2021-08-29
1709,Kyiv,48,2021-09-24
1710,Dnipro,52,2021-01-03
1711,Kharkiv,51,2023-05-12
1712,Odesa,20,2023-12-22
1713,Kharkiv,32,2023-09-15
1714,Kharkiv,40,2024-03-25
1715,Kyiv,45,2021-10-02
1716,Odesa,48,2022-04-22
1717,Kyiv,36,2024-01-19
1718,Kharkiv,34,2022-01-23
1719,Kyiv,63,2021-01-15
1720,Dnipro,51,2021-08-30
1721,Dnipro,18,2023-02-08
1722,Lviv,62,2022-10-09
1723,Kharkiv,41,2021-08-07
1724,Lviv,45,2024-04-13
1725,Odesa,34,2024-01-03
1726,Kharkiv,54,2023-01-19
1727,Dnipro,35,2023-03-25
1728,Lviv,44,2024-02-05
1729,Dnipro,48,2022-01-02
1730,Odesa,53,2024-02-11
1731,Kharkiv,34,2022-09-21
1732,Dnipro,40,2023-03-27
1733,Lviv,60,2021-09-01
1734,Lviv,46,2021-11-28
1735,Kyiv,31,2023-11-08
1736,Kharkiv,39,2024-02-02
1737,Dnipro,62,2021-04-17
1738,Lviv,42,2021-01-11
1739,Kyiv,27,2023-08-24
1740,Dnipro,45,2021-06-30
1741,Kyiv,34,2022-03-31
1742,Odesa,23,2021-03-19
1743,Kharkiv,43,2023-12-04
1744,Odesa,63,2021-04-28
1745,Lviv,58,2023-10-10
1746,Kharkiv,18,2022-02-18
1747,Dnipro,36,2022-02-03
1748,Kyiv,56,2023-11-12
1749,Dnipro,62,2022-04-20
1750,Dnipro,28,2021-03-15
1751,Odesa,33,2021-01-01
1752,Lviv,23,2022-07-20
1753,Kharkiv,40,2023-03-21
1754,Kharkiv,55,2022-02-15
1755,Dnipro,18,2021-05-21
1756,Kyiv,53,2022-08-06
1757,Dnipro,55,2022-12-14
1758,Odesa,35,2022-04-09
1759,Dnipro,30,2023-07-21
1760,Kharkiv,54,2021-01-10
1761,Odesa,29,2023-04-14
1762,Dnipro,24,2024-02-19
1763,Kyiv,50,2022-08-26
1764,Odesa,25,2023-11-18
1765,Odesa,52,2024-03-23
1766,Odesa,62,2023-06-26
1767,Kharkiv,54,2023-09-18
1768,Lviv,39,2023-07-29
1769,Kharkiv,55,2021-02-26
1770,Kharkiv,25,2022-06-13
1771,Kyiv,42,2022-03-28
1772,Lviv,38,2023-04-25
1773,Odesa,51,2024-01-03
1774,Kyiv,62,2022-06-24
1775,Lviv,36,2021-07-10
1776,Kharkiv,61,2022-12-02
1777,Kyiv,53,2022-01-01
1778,Kharkiv,38,2022-12-26
1779,Lviv,54,2022-07-06
1780,Lviv,65,2022-01-25
1781,Kharkiv,65,2022-02-13
1782,Lviv,65,2022-05-11
1783,Odesa,31,2022-04-15
1784,Lviv,33,2022-12-31
1785,Lviv,24,2021-09-03
1786,Kyiv,61,2023-10-06
1787,Dnipro,18,2024-01-14
1788,Kyiv,48,2023-01-31
1789,Dnipro,38,2023-10-06
1790,Dnipro,35,2023-10-03
1791,Lviv,50,2022-07-28
1792,Kharkiv,32,2024-03-27
1793,Lviv,21,2023-12-13
1794,Kharkiv,48,2024-01-13
1795,Kyiv,50,2022-12-13
1796,Kharkiv,61,2021-12-24
1797,Kharkiv,25,2023-11-28
1798,Kharkiv,38,2021-01-18
1799,Kyiv,61,2022-03-08
1800,Kharkiv,55,2021-07-26
1801,Odesa,41,2022-06-16
1802,Lviv,53,2022-06-23
1803,Lviv,35,2023-08-24
1804,Dnipro,39,2023-01-20
1805,Lviv,49,2023-05-19
1806,Lviv,44,2023-02-02
1807,Odesa,43,2022-07-27
1808,Kharkiv,29,2024-03-16
1809,Lviv,54,2022-04-14
1810,Kyiv,64,2022-07-07
1811,Lviv,53,2023-06-05
1812,Kharkiv,30,2021-10-26
1813,Lviv,48,2021-01-20
1814,Lviv,44,2023-10-21
1815,Lviv,58,2023-11-25
1816,Dnipro,64,2022-10-09
1817,Kharkiv,37,2022-05-29
1818,Dnipro,54,2021-04-08
1819,Kharkiv,24,2021-12-01
1820,Kyiv,31,2022-06-05
1821,Kharkiv,58,2021-07-17
1822,Kharkiv,65,2022-11-17
1823,Odesa,41,2023-01-08
1824,Dnipro,53,2022-06-12
1825,Odesa,19,2023-04-24
1826,Kyiv,40,2022-02-12
1827,Dnipro,54,2024-01-08
1828,Lviv,36,2022-12-29
1829,Odesa,61,2023-11-12
1830,Kharkiv,65,2023-07-05
1831,Kyiv,42,2022-08-10
1832,Kharkiv,58,2021-10-24
1833,Lviv,58,2022-11-22
1834,Kharkiv,58,2024-03-16
1835,Kharkiv,22,2021-06-12
1836,Lviv,39,2022-04-13
1837,Odesa,38,2022-08-20
1838,Odesa,56,2023-03-21
1839,Odesa,46,2023-01-14
1840,Dnipro,51,2023-07-12
1841,Kharkiv,28,2022-01-12
1842,Kyiv,26,2022-04-26
1843,Odesa,65,2021-06-13
1844,Lviv,28,2023-03-25
1845,Kyiv,24,2021-05-11
1846,Kharkiv,53,2021-04-21
1847,Kyiv,43,2023-12-10
1848,Kyiv,24,2022-06-22
1849,Dnipro,27,2021-06-22
1850,Kharkiv,37,2022-04-15
1851,Lviv,65,2022-08-05
1852,Kharkiv,58,2021-09-16
1853,Lviv,51,2021-12-16
1854,Kyiv,20,2023-01-01
1855,Odesa,48,2023-08-15
1856,Dnipro,35,2024-01-29
1857,Kharkiv,26,2024-01-10
1858,Lviv,55,2023-07-25
1859,Dnipro,45,2023-12-09
1860,Dnipro,37,2022-12-13
1861,Kharkiv,52,2022-04-11
1862,Kyiv,46,2022-09-23
1863,Odesa,44,2022-06-17
1864,Lviv,37,2021-01-22
1865,Kyiv,51,2021-10-07
1866,Odesa,36,2023-08-19
1867,Dnipro,18,2023-10-05
1868,Kharkiv,37,2021-01-19
1869,Kharkiv,36,2022-04-19
1870,Kyiv,53,2023-02-05
1871,Lviv,44,2024-02-23
1872,Kharkiv,43,2022-05-27
1873,Lviv,63,2023-03-10
1874,Kharkiv,32,2022-06-23
1875,Kyiv,45,2022-05-06
1876,Dnipro,57,2022-07-11
1877,Odesa,59,2023-12-26
1878,Odesa,44,2022-01-21
1879,Kyiv,29,2021-10-07
1880,Odesa,25,2023-07-22
1881,Dnipro,46,2022-07-12
1882,Dnipro,49,2022-01-20
1883,Odesa,19,2021-11-08
1884,Kyiv,52,2021-02-15
1885,Lviv,24,2022-08-01
1886,Odesa,26,2023-06-17
1887,Kyiv,32,2021-07-04
1888,Lviv,18,2023-10-08
1889,Lviv,39,2023-05-11
1890,Odesa,49,2023-01-31
1891,Kharkiv,62,2021-03-06
1892,Odesa,23,2021-10-27
1893,Kyiv,35,2023-03-15
1894,Kyiv,52,2023-08-21
1895,Lviv,30,2022-05-28
1896,Kharkiv,18,2021-09-07
1897,Lviv,42,2023-06-27
1898,Lviv,65,2021-03-10
1899,Lviv,47,2021-07-12
1900,Dnipro,60,2022-03-03
1901,Kharkiv,42,2022-10-02
1902,Odesa,28,2021-03-28
1903,Dnipro,51,2021-09-08
1904,Odesa,48,2022-09-04
1905,Lviv,41,2021-04-17
1906,Lviv,25,2022-04-29
1907,Kharkiv,38,2021-01-31
1908,Lviv,35,2024-04-12
1909,Kyiv,43,2022-05-13
1910,Kyiv,20,2024-04-05
1911,Kharkiv,62,2021-11-14
1912,Odesa,23,2022-05-25
1913,Lviv,49,2021-07-07
1914,Dnipro,39,2021-05-03
1915,Kyiv,40,2021-11-12
1916,Dnipro,24,2021-09-15
1917,Kharkiv,32,2022-10-11
1918,Dnipro,59,2022-12-13
1919,Kharkiv,64,2022-01-31
1920,Kyiv,62,2023-02-13
1921,Odesa,64,2021-10-03
1922,Odesa,20,2023-09-21
1923,Kharkiv,53,2022-08-27
1924,Dnipro,62,2023-10-01
1925,Lviv,54,2022-01-18
1926,Dnipro,40,2022-10-25
1927,Kharkiv,35,2024-02-10
1928,Lviv,22,2023-12-24
1929,Lviv,46,2022-08-29
1930,Odesa,52,2023-01-22
1931,Kharkiv,18,2023-11-03
1932,Kharkiv,64,2022-01-15
1933,Kyiv,57,2023-01-16
1934,Dnipro,33,2022-10-19
1935,Kyiv,60,2024-01-09
1936,Kharkiv,30,2023-12-10
1937,Kharkiv,53,2021-11-12
1938,Dnipro,36,2022-10-23
1939,Kharkiv,59,2022-10-22
1940,Kyiv,24,2023-12-08
1941,Kyiv,20,2021-09-23
1942,Lviv,20,2022-02-18
1943,Kyiv,49,2022-01-28
1944,Kyiv,20,2024-03-15
1945,Kharkiv,60,2023-10-01
1946,Dnipro,57,2022-06-09
1947,Kyiv,41,2022-03-29
1948,Dnipro,63,2021-05-26
1949,Kyiv,31,2023-10-04
1950,Kyiv,47,2021-05-05
1951,Odesa,53,2023-05-02
1952,Odesa,63,2021-04-30
1953,Dnipro,35,2023-12-20
1954,Kyiv,64,2021-05-25
1955,Odesa,22,2022-03-19
1956,Dnipro,24,2021-07-27
1957,Lviv,52,2023-03-01
1958,Lviv,30,2023-12-14
1959,Lviv,54,2022-01-02
1960,Dnipro,65,2024-02-18
1961,Kharkiv,65,2021-08-05
1962,Dnipro,40,2023-07-29
1963,Kharkiv,24,2021-12-08
1964,Lviv,53,2023-04-03
1965,Dnipro,39,2021-11-20
1966,Dnipro,56,2023-06-27
1967,Odesa,38,2024-02-01
1968,Odesa,41,2023-04-25
1969,Kharkiv,64,2022-10-25
1970,Dnipro,33,2024-02-28
1971,Dnipro,31,2023-02-08
1972,Dnipro,65,2022-06-05
1973,Odesa,46,2023-07-06
1974,Kharkiv,18,2021-03-12
1975,Odesa,56,2021-02-03
1976,Dnipro,26,2022-09-11
1977,Kyiv,37,2022-03-31
1978,Lviv,38,2021-02-14
1979,Odesa,53,2023-11-14
1980,Dnipro,54,2024-03-16
1981,Lviv,24,2021-03-19
1982,Kharkiv,40,2021-11-16
1983,Lviv,34,2023-01-22
1984,Dnipro,33,2022-04-23
1985,Odesa,37,2021-07-08
1986,Dnipro,43,2024-03-11
1987,Lviv,64,2021-06-08
1988,Odesa,48,2021-12-21
1989,Kharkiv,62,2024-03-26
1990,Kyiv,56,2022-09-08
1991,Kyiv,64,2024-03-26
1992,Kharkiv,23,2021-04-25
1993,Odesa,40,2023-06-09
1994,Kharkiv,25,2022-04-10
1995,Dnipro,18,2023-02-23
1996,Kyiv,37,2023-12-10
1997,Kyiv,38,2024-01-11
1998,Dnipro,27,2022-11-01
1999,Dnipro,62,2022-03-29
2000,Lviv,21,2023-03-16
2001,Kharkiv,56,2024-03-24
2002,Dnipro,23,2022-03-31
2003,Kharkiv,36,2023-03-19
2004,Lviv,26,2022-11-20
2005,Kyiv,48,2024-03-16
2006,Kyiv,53,2023-03-29
2007,Odesa,23,2023-03-28
2008,Dnipro,45,2021-09-25
2009,Lviv,48,2024-02-20
2010,Lviv,49,2023-03-21
2011,Dnipro,30,2024-02-24
2012,Dnipro,65,2023-12-10
2013,Lviv,33,2021-05-27
2014,Odesa,45,2022-10-25
2015,Dnipro,23,2021-08-19
2016,Kharkiv,45,2023-01-19
2017,Odesa,30,2022-10-19
2018,Odesa,56,2021-02-19
2019,Odesa,28,2022-12-18
2020,Dnipro,46,2021-10-26
2021,Kharkiv,20,2022-04-24
2022,Lviv,61,2023-02-05
2023,Lviv,64,2021-06-25
2024,Kyiv,65,2021-04-22
2025,Lviv,57,2021-10-30
2026,Odesa,18,2022-12-05
2027,Kyiv,37,2023-07-11
2028,Kharkiv,19,2022-11-11
2029,Lviv,65,2024-01-07
2030,Lviv,31,2024-01-25
2031,Dnipro,34,2024-01-29
2032,Kharkiv,57,2021-10-17
2033,Kyiv,42,2024-04-08
2034,Dnipro,20,2022-06-08
2035,Lviv,21,2022-08-05
2036,Lviv,62,2022-07-10
2037,Kyiv,47,2021-01-18
2038,Kyiv,42,2022-07-10
2039,Odesa,24,2021-02-09
2040,Odesa,59,2023-03-03
2041,Lviv,42,2023-11-08
2042,Kyiv,38,2023-09-20
2043,Dnipro,52,2021-06-30
2044,Lviv,30,2023-10-23
2045,Kharkiv,53,2021-02-14
2046,Kyiv,33,2023-12-21
2047,Odesa,39,2023-10-01
2048,Kharkiv,65,2021-11-18
2049,Kyiv,40,2022-12-22
2050,Odesa,58,2022-09-12
2051,Lviv,50,2022-07-19
2052,Kyiv,58,2022-06-12
2053,Kharkiv,19,2024-02-11
2054,Odesa,32,2021-11-07
2055,Odesa,43,2021-10-09
2056,Kyiv,64,2023-02-22
2057,Dnipro,61,2022-04-11
2058,Kharkiv,33,2024-03-19
2059,Lviv,45,2022-10-02
2060,Dnipro,39,2023-07-09
2061,Dnipro,26,2022-02-28
2062,Lviv,55,2024-01-14
2063,Lviv,26,2022-09-25
2064,Dnipro,26,2023-05-31
2065,Lviv,59,2024-03-02
2066,Lviv,38,2021-05-19
2067,Dnipro,52,2021-08-31
2068,Lviv,38,2021-10-26
2069,Kyiv,38,2023-04-28
2070,Kharkiv,37,2023-06-27
2071,Odesa,27,2022-01-20
2072,Kyiv,26,2022-01-14
2073,Kyiv,57,2022-07-01
2074,Dnipro,54,2022-04-18
2075,Dnipro,32,2022-04-18
2076,Kyiv,40,2021-06-12
2077,Kharkiv,26,2023-10-26
2078,Dnipro,48,2023-02-05
2079,Lviv,42,2023-10-04
2080,Kharkiv,26,2021-12-02
2081,Lviv,32,2021-03-08
2082,Kharkiv,18,2022-07-07
2083,Kharkiv,32,2022-02-20
2084,Lviv,22,2021-12-29
2085,Kharkiv,57,2023-10-01
2086,Odesa,47,2022-05-21
2087,Kharkiv,43,2021-03-27
2088,Dnipro,65,2023-02-19
2089,Odesa,43,2024-03-17
2090,Dnipro,52,2023-12-12
2091,Kyiv,51,2021-08-12
2092,Kharkiv,47,2021-03-28
2093,Lviv,51,2024-01-07
2094,Kharkiv,65,2021-03-22
2095,Dnipro,42,2023-11-24
2096,Kyiv,30,2022-08-20
2097,Kharkiv,43,2022-09-16
2098,Odesa,47,2021-12-07
2099,Kharkiv,36,2021-04-22
2100,Dnipro,27,2023-08-08
2101,Kharkiv,23,2023-10-23
2102,Kyiv,29,2024-04-13
2103,Dnipro,26,2023-03-17
2104,Kharkiv,38,2023-07-13
2105,Kyiv,29,2023-07-19
2106,Dnipro,63,2022-02-18
2107,Kharkiv,23,2022-05-28
2108,Odesa,62,2021-12-02
2109,Kyiv,23,2021-08-22
2110,Kharkiv,58,2023-01-14
2111,Kyiv,51,2023-02-26
2112,Dnipro,57,2021-11-24
2113,Kharkiv,53,2023-02-19
2114,Kyiv,28,2022-11-18
2115,Dnipro,60,2021-11-04
2116,Lviv,27,2022-01-02
2117,Kyiv,44,2022-09-23
2118,Odesa,64,2023-07-03
2119,Odesa,58,2022-01-06
2120,Kyiv,26,2022-02-20
2121,Kyiv,57,2022-06-03
2122,Kyiv,47,2023-10-17
2123,Kharkiv,52,2021-01-12
2124,Dnipro,49,2022-05-03
2125,Lviv,55,2023-09-02
2126,Kharkiv,44,2023-06-24
2127,Kyiv,56,2021-01-14
2128,Lviv,53,2022-07-24
2129,Dnipro,58,2024-02-16
2130,Lviv,21,2022-01-14
2131,Lviv,21,2022-12-16
2132,Kyiv,27,2021-03-08
2133,Dnipro,56,2022-09-04
2134,Odesa,23,2021-04-11
2135,Kyiv,44,2022-01-01
2136,Lviv,61,2022-08-06
2137,Dnipro,60,2024-03-18
2138,Dnipro,29,2023-07-22
2139,Dnipro,41,2021-03-15
2140,Kyiv,37,2022-10-24
2141,Odesa,42,2021-05-19
2142,Kharkiv,53,2021-05-13
2143,Odesa,48,2021-10-03
2144,Kyiv,62,2022-07-17
2145,Odesa,51,2023-04-28
2146,Dnipro,31,2022-03-05
2147,Dnipro,21,2021-08-12
2148,Dnipro,64,2023-12-20
2149,Kyiv,48,2022-08-12
2150,Kharkiv,56,2022-10-11
2151,Odesa,51,2024-03-23
2152,Dnipro,40,2021-09-23
2153,Dnipro,54,2023-10-14
2154,Dnipro,64,2023-10-17
2155,Kharkiv,29,2022-04-22
2156,Odesa,30,2021-01-04
2157,Kyiv,19,2023-08-11
2158,Kyiv,65,2022-03-01
2159,Dnipro,44,2023-04-28
2160,Kyiv,39,2022-12-18
2161,Dnipro,58,2022-03-11
2162,Kyiv,58,2022-02-17
2163,Odesa,34,2021-05-19
2164,Odesa,37,2023-11-04
2165,Dnipro,38,2021-01-13
2166,Kyiv,61,2022-11-14
2167,Odesa,43,2024-03-11
2168,Dnipro,19,2021-12-26
2169,Lviv,39,2022-11-24
2170,Kharkiv,48,2021-03-14
2171,Lviv,48,2021-11-15
2172,Kharkiv,52,2022-11-18
2173,Kharkiv,44,2021-04-25
2174,Dnipro,37,2024-03-03
2175,Odesa,53,2024-01-03
2176,Kyiv,31,2024-03-28
2177,Odesa,40,2021-05-16
2178,Lviv,35,2021-03-05
2179,Odesa,42,2023-12-31
2180,Lviv,54,2023-03-09
2181,Lviv,56,2021-08-28
2182,Odesa,63,2022-10-07
2183,Kyiv,35,2023-04-28
2184,Kyiv,49,2022-05-02
2185,Odesa,46,2022-09-12
2186,Lviv,51,2022-09-12
2187,Lviv,25,2023-02-06
2188,Kyiv,30,2021-07-09
2189,Kharkiv,50,2021-02-21
2190,Kharkiv,50,2021-11-12
2191,Lviv,39,2023-09-18
2192,Dnipro,37,2022-11-02
2193,Lviv,24,2023-11-24
2194,Lviv,31,2021-03-16
2195,Kharkiv,42,2023-12-06
2196,Kyiv,18,2022-09-29
2197,Kyiv,61,2021-06-28
2198,Odesa,47,2021-04-05
2199,Kyiv,51,2022-10-02
2200,Kyiv,54,2022-10-02
2201,Lviv,38,2022-02-15
2202,Lviv,36,2022-07-21
2203,Dnipro,38,2023-06-23
2204,Kyiv,35,2021-11-02
2205,Lviv,35,2021-08-23
2206,Kyiv,57,2024-02-21
2207,Dnipro,24,2022-02-28
2208,Dnipro,40,2024-01-31
2209,Odesa,35,2021-10-17
2210,Odesa,54,2022-05-17
2211,Lviv,22,2022-09-30
2212,Dnipro,39,2024-01-13
2213,Kharkiv,21,2021-09-24
2214,Kyiv,48,2021-04-14
2215,Kyiv,42,2021-04-21
2216,Kyiv,45,2023-03-14
2217,Lviv,63,2023-07-03
2218,Dnipro,40,2022-10-02
2219,Odesa,30,2023-12-29
2220,Kyiv,47,2024-03-08
2221,Lviv,23,2023-08-18
2222,Kyiv,47,2022-09-28
2223,Kharkiv,48,2022-04-20
2224,Lviv,27,2022-06-13
2225,Odesa,43,2022-01-11
2226,Odesa,38,2023-07-18
2227,Kharkiv,19,2021-05-14
2228,Kharkiv,25,2022-12-21
2229,Kharkiv,47,2021-12-16
2230,Odesa,40,2024-03-22
2231,Lviv,50,2021-07-30
2232,Kharkiv,63,2021-08-08
2233,Odesa,53,2021-05-26
2234,Odesa,52,2023-08-03
2235,Kharkiv,55,2023-04-27
2236,Lviv,57,2022-05-15
2237,Dnipro,28,2023-09-15
2238,Kharkiv,22,2022-11-29
2239,Lviv,62,2023-06-02
2240,Kharkiv,54,2022-12-02
2241,Dnipro,62,2022-04-29
2242,Lviv,60,2021-06-09
2243,Dnipro,49,2021-08-23
2244,Dnipro,56,2023-08-07
2245,Odesa,53,2021-07-19
2246,Kharkiv,29,2022-09-23
2247,Kharkiv,22,2021-08-11
2248,Dnipro,42,2022-11-02
2249,Kharkiv,59,2021-05-06
2250,Kyiv,31,2021-10-12
2251,Dnipro,58,2021-01-01
2252,Lviv,60,2021-11-02
2253,Kharkiv,52,2022-08-20
2254,Kharkiv,57,2024-03-29
2255,Kharkiv,30,2022-02-26
2256,Odesa,37,2024-03-13
2257,Odesa,45,2022-12-07
2258,Kyiv,55,2021-01-17
2259,Dnipro,50,2023-04-08
2260,Lviv,36,2021-05-08
2261,Odesa,53,2021-04-19
2262,Kyiv,63,2024-02-21
2263,Odesa,25,2022-08-01
2264,Kyiv,33,2023-06-04
2265,Dnipro,43,2022-10-14
2266,Kharkiv,43,2023-02-21
2267,Kharkiv,52,2022-03-09
2268,Lviv,48,2021-10-12
2269,Lviv,53,2023-02-27
2270,Odesa,44,2021-11-12
2271,Odesa,60,2021-09-15
2272,Lviv,18,2021-05-27
2273,Kyiv,27,2023-09-24
2274,Kharkiv,26,2021-06-23
2275,Lviv,59,2023-05-02
2276,Kharkiv,62,2023-05-22
2277,Dnipro,29,2023-07-20
2278,Dnipro,45,2024-02-05
2279,Kharkiv,42,2022-12-29
2280,Lviv,29,2023-05-20
2281,Dnipro,18,2024-03-29
2282,Kharkiv,64,2022-04-30
2283,Dnipro,35,2023-04-22
2284,Dnipro,54,2023-01-22
2285,Kyiv,20,2024-03-09
2286,Kharkiv,63,2023-01-25
2287,Kyiv,55,2023-09-14
2288,Kyiv,27,2023-12-15
2289,Odesa,47,2023-11-25
2290,Kyiv,51,2021-07-01
2291,Lviv,48,2021-06-09
2292,Dnipro,55,2022-10-02
2293,Dnipro,21,2022-12-05
2294,Dnipro,18,2023-08-19
2295,Kharkiv,50,2023-08-19
2296,Dnipro,64,2022-11-10
2297,Kharkiv,40,2022-08-27
2298,Odesa,28,2021-03-14
2299,Dnipro,65,2022-09-15
2300,Dnipro,34,2021-05-06
2301,Kharkiv,55,2021-12-13
2302,Dnipro,21,2022-08-21
2303,Dnipro,19,2022-08-11
2304,Kharkiv,23,2021-09-17
2305,Dnipro,22,2022-07-24
2306,Odesa,26,2022-07-30
2307,Odesa,34,2021-01-30
2308,Kyiv,56,2021-12-24
2309,Dnipro,65,2021-11-06
2310,Kharkiv,41,2021-12-26
2311,Odesa,62,2022-04-29
2312,Kharkiv,29,2023-12-17
2313,Kyiv,39,2021-06-22
2314,Lviv,56,2021-11-12
2315,Kharkiv,44,2023-02-24
2316,Lviv,60,2023-06-21
2317,Lviv,31,2024-03-29
2318,Odesa,21,2022-06-26
2319,Kyiv,21,2021-12-10
2320,Kharkiv,43,2023-09-03
2321,Odesa,48,2023-12-27
2322,Lviv,42,2023-03-10
2323,Kharkiv,34,2021-10-25
2324,Dnipro,45,2021-01-25
2325,Odesa,46,2023-02-22
2326,Odesa,51,2021-03-26
2327,Kyiv,52,2022-12-26
2328,Kharkiv,57,2022-07-13
2329,Odesa,35,2022-07-01
2330,Kyiv,34,2024-04-11
2331,Kharkiv,47,2022-05-11
2332,Dnipro,30,2023-12-01
2333,Odesa,61,2022-01-04
2334,Odesa,53,2021-01-22
2335,Kyiv,22,2021-01-25
2336,Kharkiv,24,2023-12-12
2337,Kyiv,61,2023-07-03
2338,Odesa,32,2022-08-04
2339,Odesa,30,2021-03-11
2340,Kyiv,57,2021-07-08
2341,Kyiv,56,2022-03-21
2342,Dnipro,58,2021-09-07
2343,Kyiv,23,2021-09-24
2344,Kharkiv,60,2024-03-05
2345,Lviv,25,2022-01-13
2346,Odesa,36,2023-08-15
2347,Kyiv,58,2023-07-18
2348,Odesa,45,2022-10-25
2349,Odesa,28,2021-06-01
2350,Odesa,21,2023-02-23
2351,Kharkiv,39,2021-05-04
2352,Odesa,34,2021-12-31
2353,Kharkiv,22,2023-10-05
2354,Lviv,57,2023-03-16
2355,Lviv,59,2023-10-05
2356,Kyiv,27,2024-01-13
2357,Kharkiv,31,2021-08-06
2358,Kharkiv,63,2022-06-15
2359,Kyiv,20,2021-05-30
2360,Kyiv,54,2022-05-29
2361,Kharkiv,19,2023-10-17
2362,Lviv,59,2021-01-02
2363,Kyiv,60,2023-03-11
2364,Odesa,27,2022-11-07
2365,Kharkiv,54,2021-01-08
2366,Dnipro,63,2023-10-02
2367,Kharkiv,45,2023-04-08
2368,Kyiv,52,2022-04-08
2369,Kyiv,42,2023-09-15
2370,Kyiv,54,2024-01-02
2371,Odesa,39,2022-09-13
2372,Kharkiv,21,2021-07-05
2373,Odesa,52,2022-11-28
2374,Kyiv,47,2022-08-17
2375,Lviv,29,2024-02-10
2376,Kyiv,42,2022-01-27
2377,Odesa,62,2023-03-10
2378,Kyiv,58,2023-01-06
2379,Kharkiv,23,2023-06-16
2380,Lviv,26,2021-03-15
2381,Lviv,19,2022-05-04
2382,Kharkiv,42,2021-05-10
2383,Dnipro,59,2022-09-23
2384,Kharkiv,52,2023-07-10
2385,Kyiv,20,2022-11-26
2386,Kyiv,39,2021-03-29
2387,Kharkiv,25,2022-03-10
2388,Dnipro,47,2024-01-04
2389,Lviv,65,2024-04-01
2390,Lviv,22,2021-03-17
2391,Lviv,49,2021-02-09
2392,Kharkiv,57,2021-04-04
2393,Lviv,62,2021-09-25
2394,Kyiv,29,2021-04-13
2395,Odesa,24,2023-07-24
2396,Dnipro,28,2021-05-11
2397,Kyiv,25,2023-10-16
2398,Dnipro,57,2022-03-28
2399,Kyiv,30,2023-05-23
2400,Odesa,65,2023-04-04
2401,Odesa,25,2024-03-25
2402,Dnipro,26,2022-10-21
2403,Lviv,20,2021-12-22
2404,Odesa,22,2021-09-05
2405,Odesa,27,2023-05-01
2406,Lviv,62,2023-01-28
2407,Dnipro,28,2023-06-18
2408,Lviv,55,2021-03-25
2409,Lviv,24,2023-02-10
2410,Lviv,19,2023-09-25
2411,Kyiv,18,2021-01-15
2412,Lviv,23,2022-08-05
2413,Kharkiv,62,2023-09-02
2414,Lviv,31,2021-10-21
2415,Odesa,51,2023-07-12
2416,Kharkiv,33,2021-12-24
2417,Dnipro,62,2021-03-19
2418,Dnipro,29,2023-10-21
2419,Dnipro,23,2022-09-09
2420,Odesa,44,2021-01-10
2421,Dnipro,33,2022-01-29
2422,Kyiv,51,2021-07-15
2423,Dnipro,41,2024-01-11
2424,Dnipro,32,2023-08-09
2425,Lviv,35,2021-04-19
2426,Lviv,25,2021-11-02
2427,Kharkiv,49,2021-12-28
2428,Lviv,60,2021-03-30
2429,Kyiv,59,2023-01-16
2430,Odesa,31,2023-06-10
2431,Odesa,39,2023-07-18
2432,Kyiv,24,2021-04-18
2433,Dnipro,29,2021-11-20
2434,Kyiv,49,2023-11-21
2435,Kyiv,22,2022-04-27
2436,Kharkiv,55,2024-04-02
2437,Odesa,44,2022-02-12
2438,Odesa,32,2021-08-14
2439,Odesa,32,2021-07-20
2440,Lviv,65,2023-04-25
2441,Lviv,42,2022-03-28
2442,Kyiv,48,2024-04-13
2443,Kharkiv,21,2023-06-12
2444,Lviv,31,2023-07-21
2445,Lviv,42,2023-02-04
2446,Lviv,47,2022-02-02
2447,Odesa,35,2022-02-19
2448,Odesa,26,2021-03-07
2449,Dnipro,21,2022-07-29
2450,Lviv,25,2023-08-12
2451,Kharkiv,44,2021-12-17
2452,Odesa,32,2022-08-28
2453,Dnipro,28,2021-12-15
2454,Dnipro,53,2022-04-16
2455,Kyiv,44,2023-12-05
2456,Kharkiv,31,2023-08-28
2457,Kharkiv,35,2021-01-30
2458,Kharkiv,65,2022-05-21
2459,Lviv,38,2023-06-09
2460,Dnipro,32,2021-11-02
2461,Dnipro,18,2023-05-06
2462,Kyiv,20,2023-08-22
2463,Dnipro,20,2023-05-22
2464,Dnipro,43,2023-09-09
2465,Kyiv,46,2023-10-12
2466,Lviv,23,2024-02-18
2467,Kyiv,62,2023-04-13
2468,Lviv,26,2023-01-05
2469,Odesa,33,2021-07-05
2470,Kyiv,48,2022-09-17
2471,Lviv,63,2023-07-30
2472,Dnipro,65,2024-04-10
2473,Kyiv,47,2023-08-08
2474,Lviv,63,2023-04-11
2475,Lviv,41,2023-08-09
2476,Kyiv,58,2021-05-25
2477,Kharkiv,62,2022-11-13
2478,Dnipro,20,2022-08-31
2479,Kharkiv,35,2024-01-16
2480,Dnipro,31,2021-06-15
2481,Dnipro,39,2021-04-23
2482,Dnipro,61,2023-01-16
2483,Kyiv,25,2023-02-24
2484,Odesa,47,2021-03-25
2485,Odesa,41,2021-12-25
2486,Dnipro,63,2021-05-18
2487,Dnipro,63,2022-02-24
2488,Lviv,39,2022-05-04
2489,Dnipro,25,2023-09-07
2490,Dnipro,62,2022-03-06
2491,Lviv,38,2022-12-24
2492,Odesa,50,2023-05-17
2493,Odesa,21,2021-05-10
2494,Odesa,40,2023-07-16
2495,Kharkiv,50,2023-12-15
2496,Kyiv,48,2023-12-26
2497,Dnipro,36,2023-07-15
2498,Dnipro,41,2021-05-15
2499,Lviv,47,2021-06-28
2500,Kyiv,43,2022-01-02
2501,Odesa,22,2021-08-12
2502,Lviv,35,2021-08-18
2503,Lviv,49,2021-11-05
2504,Lviv,51,2021-02-16
2505,Odesa,44,2024-01-14
2506,Lviv,48,2022-12-12
2507,Kharkiv,46,2021-02-13
2508,Odesa,30,2021-05-09
2509,Kyiv,32,2023-12-01
2510,Odesa,44,2024-03-31
2511,Odesa,59,2022-10-31
2512,Kharkiv,55,2023-12-22
2513,Dnipro,46,2023-07-27
2514,Odesa,54,2021-09-28
2515,Odesa,28,2022-06-17
2516,Lviv,48,2023-02-01
2517,Odesa,21,2021-10-31
2518,Odesa,36,2023-07-23
2519,Lviv,57,2021-11-26
2520,Dnipro,36,2022-01-09
2521,Lviv,63,2021-11-11
2522,Lviv,33,2021-08-28
2523,Kyiv,38,2024-03-22
2524,Lviv,46,2022-06-18
2525,Odesa,29,2022-02-25
2526,Dnipro,63,2021-03-13
2527,Odesa,40,2021-10-30
2528,Odesa,46,2024-01-11
2529,Lviv,52,2022-09-10
2530,Kyiv,19,2023-04-09
2531,Kharkiv,27,2023-07-28
2532,Odesa,27,2021-01-09
2533,Dnipro,50,2022-11-10
2534,Odesa,48,2022-08-17
2535,Dnipro,60,2021-10-29
2536,Dnipro,64,2023-06-25
2537,Odesa,62,2021-08-19
2538,Kharkiv,20,2021-10-13
2539,Dnipro,25,2022-09-23
2540,Kyiv,43,2022-03-28
2541,Kharkiv,40,2021-07-09
2542,Odesa,21,2022-02-04
2543,Dnipro,51,2022-03-31
2544,Odesa,30,2021-02-16
2545,Kyiv,52,2023-07-02
2546,Kyiv,50,2023-03-19
2547,Lviv,49,2022-10-13
2548,Dnipro,56,2023-11-14
2549,Kyiv,60,2023-01-10
2550,Kharkiv,27,2023-05-26
2551,Odesa,42,2023-02-03
2552,Kyiv,36,2022-12-08
2553,Odesa,37,2023-07-02
2554,Dnipro,23,2022-03-18
2555,Kharkiv,65,2023-05-02
2556,Kharkiv,36,2021-12-02
2557,Kharkiv,64,2023-04-29
2558,Lviv,55,2021-06-26
2559,Lviv,31,2022-09-14
2560,Kharkiv,51,2022-11-18
2561,Kyiv,55,2023-02-09
2562,Kyiv,18,2023-04-19
2563,Odesa,44,2021-12-25
2564,Dnipro,47,2024-03-09
2565,Lviv,30,2022-01-16
2566,Kharkiv,36,2024-02-09
2567,Kharkiv,20,2022-09-11
2568,Dnipro,37,2023-10-09
2569,Dnipro,65,2023-08-08
2570,Lviv,19,2021-01-06
2571,Lviv,34,2022-09-07
2572,Kharkiv,25,2022-08-13
2573,Kharkiv,29,2023-10-05
2574,Lviv,19,2021-09-02
2575,Odesa,49,2021-05-17
2576,Dnipro,65,2023-01-11
2577,Dnipro,48,2024-03-04
2578,Kharkiv,34,2023-09-02
2579,Kyiv,41,2023-11-16
2580,Dnipro,19,2022-06-16
2581,Lviv,55,2021-04-30
2582,Lviv,38,2023-08-03
2583,Lviv,40,2021-12-01
2584,Kyiv,35,2023-01-10
2585,Kharkiv,58,2022-12-31
2586,Kyiv,36,2022-08-21
2587,Dnipro,58,2021-06-07
2588,Dnipro,30,2022-01-11
2589,Kyiv,56,2021-12-09
2590,Dnipro,38,2022-10-10
2591,Odesa,35,2023-01-13
2592,Kyiv,52,2024-04-02
2593,Odesa,27,2021-01-27
2594,Lviv,51,2022-07-31
2595,Odesa,49,2023-04-24
2596,Odesa,28,2021-07-29
2597,Lviv,27,2023-10-28
2598,Lviv,30,2024-02-19
2599,Dnipro,62,2023-12-13
2600,Dnipro,63,2024-02-03
2601,Kyiv,44,2023-08-02
2602,Kyiv,25,2021-09-26
2603,Kyiv,48,2022-12-15
2604,Odesa,62,2023-01-13
2605,Lviv,46,2023-12-08
2606,Odesa,29,2022-09-16
2607,Kyiv,65,2021-08-31
2608,Lviv,26,2021-10-19
2609,Lviv,37,2021-09-14
2610,Lviv,26,2021-06-10
2611,Kharkiv,62,2021-08-17
2612,Kyiv,19,2023-09-19
2613,Kharkiv,20,2022-02-07
2614,Kyiv,20,2023-11-18
2615,Dnipro,21,2023-08-19
2616,Kyiv,34,2021-03-30
2617,Kyiv,37,2021-01-22
2618,Kyiv,25,2022-02-25
2619,Dnipro,30,2022-01-14
2620,Odesa,19,2021-07-05
2621,Lviv,65,2022-07-23
2622,Dnipro,40,2022-12-23
2623,Lviv,50,2022-05-11
2624,Dnipro,54,2021-05-20
2625,Kyiv,55,2021-01-29
2626,Dnipro,31,2022-01-28
2627,Odesa,28,2024-01-06
2628,Kyiv,64,2021-07-22
2629,Lviv,50,2023-08-31
2630,Odesa,62,2022-01-15
2631,Kharkiv,61,2021-08-08
2632,Lviv,40,2023-02-17
2633,Kharkiv,31,2023-11-20
2634,Lviv,44,2021-08-20
2635,Odesa,25,2023-08-13
2636,Kyiv,51,2021-10-06
2637,Kharkiv,41,2022-08-14
2638,Dnipro,64,2021-03-25
2639,Kyiv,38,2023-10-09
2640,Kyiv,42,2022-08-04
2641,Kharkiv,56,2022-10-01
2642,Kharkiv,32,2024-02-09
2643,Kharkiv,36,2023-05-27
2644,Lviv,22,2023-09-02
2645,Odesa,29,2021-01-27
2646,Kharkiv,61,2021-08-04
2647,Kharkiv,46,2023-12-07
2648,Kyiv,25,2021-10-21
2649,Kharkiv,43,2021-07-28
2650,Lviv,22,2023-01-15
2651,Lviv,39,2022-02-15
2652,Dnipro,43,2021-09-09
2653,Lviv,45,2023-10-20
2654,Odesa,63,2024-04-06
2655,Dnipro,35,2023-03-31
2656,Odesa,48,2023-04-09
2657,Kharkiv,50,2022-07-26
2658,Lviv,47,2021-08-10
2659,Kyiv,34,2023-09-30
2660,Kharkiv,32,2021-10-03
2661,Kyiv,24,2021-04-19
2662,Kyiv,49,2021-02-24
2663,Lviv,42,2022-11-01
2664,Lviv,37,2021-07-17
2665,Kyiv,60,2023-12-01
2666,Kharkiv,47,2022-02-18
2667,Odesa,60,2023-10-17
2668,Kharkiv,50,2022-06-20
2669,Dnipro,39,2024-01-13
2670,Dnipro,19,2021-03-06
2671,Kharkiv,25,2023-02-25
2672,Kharkiv,38,2023-02-10
2673,Kharkiv,47,2021-03-15
2674,Kyiv,29,2024-02-15
2675,Odesa,63,2021-12-03
2676,Kharkiv,45,2021-10-03
2677,Odesa,63,2023-03-08
2678,Kharkiv,25,2024-03-11
2679,Kharkiv,60,2024-02-09
2680,Dnipro,54,2023-08-21
2681,Kharkiv,53,2021-11-17
2682,Dnipro,21,2023-03-13
2683,Odesa,49,2023-02-13
2684,Dnipro,61,2022-12-24
2685,Odesa,38,2021-05-06
2686,Kyiv,55,2021-04-03
2687,Lviv,41,2022-12-16
2688,Dnipro,19,2022-11-30
2689,Kharkiv,24,2023-05-27
2690,Odesa,40,2023-04-24
2691,Odesa,21,2022-05-16
2692,Lviv,33,2022-10-02
2693,Dnipro,23,2021-05-15
2694,Odesa,25,2022-11-23
2695,Lviv,19,2024-01-08
2696,Odesa,20,2023-08-02
2697,Kharkiv,54,2023-11-21
2698,Kharkiv,35,2021-02-11
2699,Kharkiv,55,2021-02-15
2700,Odesa,42,2024-03-14
2701,Kharkiv,38,2024-03-18
2702,Kyiv,49,2021-07-24
2703,Lviv,39,2023-10-15
2704,Dnipro,60,2022-11-27
2705,Lviv,57,2022-09-06
2706,Odesa,45,2022-02-18
2707,Kharkiv,58,2021-06-04
2708,Dnipro,31,2022-08-12
2709,Odesa,21,2022-09-01
2710,Dnipro,43,2022-04-08
2711,Dnipro,65,2021-07-08
2712,Dnipro,24,2022-11-21
2713,Odesa,22,2024-03-06
2714,Dnipro,48,2023-05-25
2715,Lviv,40,2021-06-07
2716,Odesa,50,2022-09-07
2717,Kharkiv,60,2024-01-11
2718,Odesa,30,2023-04-29
2719,Kharkiv,34,2023-11-22
2720,Kharkiv,60,2024-01-27
2721,Lviv,19,2023-11-24
2722,Lviv,54,2023-10-20
2723,Lviv,60,2023-08-16
2724,Odesa,58,2023-12-28
2725,Dnipro,45,2024-03-05
2726,Kyiv,51,2022-02-15
2727,Odesa,47,2021-10-30
2728,Lviv,27,2022-09-07
2729,Kharkiv,44,2022-10-15
2730,Kyiv,58,2022-02-21
2731,Kharkiv,35,2022-08-11
2732,Lviv,34,2022-04-29
2733,Kharkiv,33,2021-08-21
2734,Lviv,30,2021-02-26
2735,Lviv,37,2023-08-09
2736,Kharkiv,53,2023-06-13
2737,Kharkiv,59,2021-03-17
2738,Lviv,28,2022-07-13
2739,Lviv,19,2022-06-14
2740,Odesa,60,2024-02-02
2741,Lviv,59,2021-03-28
2742,Kharkiv,19,2021-04-24
2743,Kyiv,38,2022-09-03
2744,Kyiv,44,2023-01-15
2745,Kyiv,43,2021-10-15
2746,Lviv,25,2024-03-15
2747,Dnipro,25,2023-12-05
2748,Dnipro,51,2022-05-31
2749,Kharkiv,23,2022-05-03
2750,Dnipro,25,2022-10-04
2751,Odesa,55,2023-03-10
2752,Lviv,45,2022-03-23
2753,Lviv,24,2021-12-25
2754,Lviv,35,2023-06-20
2755,Kharkiv,34,2021-04-25
2756,Kharkiv,52,2023-02-07
2757,Kyiv,38,2024-01-23
2758,Kharkiv,48,2022-05-20
2759,Odesa,27,2023-01-14
2760,Kharkiv,63,2023-01-24
2761,Odesa,19,2021-03-13
2762,Kyiv,62,2022-05-06
2763,Odesa,53,2023-02-27
2764,Odesa,58,2023-01-14
2765,Kyiv,52,2022-04-30
2766,Kharkiv,42,2021-01-17
2767,Kharkiv,34,2022-09-09
2768,Kyiv,33,2022-09-02
2769,Lviv,28,2023-06-18
2770,Odesa,59,2023-04-13
2771,Kyiv,35,2021-06-14
2772,Kharkiv,48,2023-04-26
2773,Odesa,63,2023-05-16
2774,Kyiv,28,2022-06-19
2775,Dnipro,22,2022-12-22
2776,Kharkiv,56,2024-01-27
2777,Odesa,47,2021-02-26
2778,Kyiv,59,2022-01-12
2779,Kharkiv,59,2021-10-06
2780,Kyiv,43,2022-02-14
2781,Odesa,38,2024-03-25
2782,Kyiv,25,2021-11-20
2783,Lviv,51,2021-09-24
2784,Dnipro,61,2023-04-21
2785,Odesa,46,2023-09-07
2786,Lviv,34,2021-12-22
2787,Dnipro,38,2022-08-01
2788,Lviv,23,2023-04-29
2789,Odesa,29,2023-03-17
2790,Kharkiv,54,2022-04-05
2791,Kyiv,19,2024-02-18
2792,Dnipro,58,2022-04-14
2793,Kyiv,47,2022-02-11
2794,Odesa,62,2021-12-12
2795,Kyiv,43,2023-05-29
2796,Dnipro,34,2021-11-02
2797,Kyiv,41,2021-12-15
2798,Dnipro,25,2021-01-29
2799,Dnipro,45,2023-07-19
2800,Kharkiv,25,2022-04-05
2801,Lviv,30,2022-06-30
2802,Odesa,65,2023-10-10
2803,Kharkiv,26,2023-06-03
2804,Lviv,56,2022-03-18
2805,Odesa,64,2022-01-23
2806,Kharkiv,29,2023-04-17
2807,Lviv,19,2022-08-18
2808,Odesa,33,2023-07-13
2809,Lviv,41,2024-04-08
2810,Kharkiv,23,2021-01-22
2811,Kharkiv,26,2022-10-25
2812,Kharkiv,61,2022-03-11
2813,Kharkiv,63,2023-05-17
2814,Dnipro,34,2021-05-30
2815,Kyiv,53,2021-05-01
2816,Kyiv,39,2022-04-26
2817,Kharkiv,40,2021-04-04
2818,Kyiv,34,2023-10-31
2819,Dnipro,42,2022-09-12
2820,Kharkiv,60,2023-01-30
2821,Lviv,53,2021-03-26
2822,Dnipro,29,2022-06-18
2823,Lviv,50,2023-10-07
2824,Odesa,47,2021-09-28
2825,Kyiv,38,2023-12-23
2826,Kharkiv,27,2022-06-18
2827,Kyiv,38,2021-04-01
2828,Lviv,49,2022-07-30
2829,Odesa,45,2022-08-03
2830,Odesa,57,2022-06-25
2831,Dnipro,38,2023-06-12
2832,Lviv,38,2023-10-04
2833,Lviv,53,2023-06-21
2834,Kyiv,30,2021-11-01
2835,Kyiv,32,2022-01-11
2836,Kyiv,48,2022-06-17
2837,Lviv,63,2023-08-15
2838,Kharkiv,25,2023-10-11
2839,Kyiv,46,2023-01-01
2840,Dnipro,49,2023-07-27
2841,Kharkiv,25,2021-10-31
2842,Kyiv,40,2021-07-11
2843,Lviv,36,2022-01-05
2844,Lviv,65,2023-11-08
2845,Odesa,54,2024-04-14
2846,Lviv,55,2021-01-09
2847,Dnipro,54,2022-01-05
2848,Kharkiv,22,2022-05-20
2849,Kharkiv,61,2021-07-13
2850,Odesa,19,2022-08-06
2851,Kyiv,43,2023-02-05
2852,Dnipro,24,2022-10-25
2853,Lviv,19,2021-06-16
2854,Kharkiv,63,2023-09-10
2855,Kharkiv,58,2022-07-06
2856,Dnipro,60,2021-01-12
2857,Odesa,20,2023-07-17
2858,Odesa,64,2024-03-11
2859,Lviv,31,2021-04-10
2860,Odesa,38,2021-04-24
2861,Kyiv,53,2023-02-21
2862,Kyiv,43,2022-06-07
2863,Lviv,33,2023-03-28
2864,Kyiv,19,2022-03-03
2865,Lviv,42,2023-04-05
2866,Odesa,59,2021-11-12
2867,Kyiv,37,2023-10-03
2868,Kharkiv,65,2022-09-28
2869,Dnipro,26,2023-01-06
2870,Kyiv,41,2023-11-16
2871,Lviv,49,2023-07-02
2872,Kharkiv,48,2022-07-04
2873,Dnipro,56,2023-05-17
2874,Kyiv,45,2023-01-25
2875,Dnipro,29,2023-06-09
2876,Kharkiv,23,2021-03-24
2877,Dnipro,39,2023-08-08
2878,Lviv,59,2021-11-14
2879,Kharkiv,51,2023-12-11
2880,Kyiv,36,2023-08-17
2881,Kharkiv,23,2023-09-06
2882,Odesa,27,2021-09-19
2883,Odesa,33,2023-12-08
2884,Kharkiv,36,2024-03-10
2885,Kyiv,53,2021-06-06
2886,Kyiv,50,2021-08-09
2887,Dnipro,45,2023-04-26
2888,Kyiv,47,2024-03-10
2889,Odesa,40,2022-06-06
2890,Dnipro,23,2023-10-29
2891,Kyiv,25,2023-08-06
2892,Lviv,29,2023-03-16
2893,Kyiv,23,2023-05-03
2894,Odesa,38,2023-07-21
2895,Kharkiv,57,2022-06-27
2896,Odesa,29,2022-03-09
2897,Lviv,23,2022-06-16
2898,Kyiv,45,2023-12-31
2899,Kyiv,18,2023-03-20
2900,Kyiv,18,2021-12-18
2901,Kharkiv,47,2023-04-10
2902,Dnipro,64,2023-09-24
2903,Odesa,57,2023-01-09
2904,Kharkiv,37,2021-06-29
2905,Lviv,26,2021-01-29
2906,Lviv,25,2021-02-02
2907,Lviv,19,2022-03-05
2908,Kharkiv,59,2021-10-25
2909,Lviv,45,2024-01-09
2910,Lviv,23,2022-09-09
2911,Kharkiv,27,2023-08-29
2912,Kharkiv,19,2021-08-27
2913,Lviv,27,2023-07-01
2914,Kharkiv,48,2021-02-10
2915,Kharkiv,55,2022-05-12
2916,Lviv,36,2024-03-12
2917,Kharkiv,21,2022-11-15
2918,Kyiv,24,2023-06-04
2919,Kharkiv,49,2024-03-31
2920,Dnipro,64,2024-02-10
2921,Odesa,20,2023-09-26
2922,Kharkiv,49,2023-11-18
2923,Dnipro,64,2023-09-27
2924,Lviv,63,2021-05-05
2925,Dnipro,19,2023-05-15
2926,Dnipro,38,2024-02-08
2927,Kyiv,35,2023-05-05
2928,Kharkiv,25,2023-10-11
2929,Dnipro,59,2022-12-12
2930,Kharkiv,62,2023-06-13
2931,Kyiv,28,2022-08-13
2932,Lviv,48,2022-12-06
2933,Kharkiv,32,2023-11-06
2934,Lviv,55,2022-11-26
2935,Dnipro,63,2023-08-18
2936,Lviv,36,2023-03-11
2937,Kharkiv,61,2023-01-08
2938,Kharkiv,28,2022-03-01
2939,Odesa,62,2021-06-26
2940,Kharkiv,26,2021-12-21
2941,Lviv,28,2023-10-05
2942,Kyiv,44,2023-10-09
2943,Odesa,33,2022-03-05
2944,Dnipro,21,2021-02-07
2945,Odesa,34,2023-01-02
2946,Lviv,29,2023-10-29
2947,Kyiv,22,2022-11-23
2948,Kharkiv,25,2022-04-10
2949,Kyiv,53,2022-04-04
2950,Kharkiv,34,2022-11-28
2951,Odesa,20,2024-02-15
2952,Odesa,27,2023-11-22
2953,Dnipro,60,2021-08-02
2954,Kyiv,46,2023-07-26
2955,Kyiv,24,2021-07-28
2956,Dnipro,20,2023-11-05
2957,Kyiv,28,2021-08-30
2958,Lviv,41,2021-11-18
2959,Odesa,63,2023-06-24
2960,Dnipro,49,2021-07-23
2961,Lviv,59,2023-01-15
2962,Odesa,26,2021-09-09
2963,Lviv,46,2023-05-02
2964,Kyiv,33,2023-08-29
2965,Odesa,36,2023-11-01
2966,Lviv,23,2022-06-29
2967,Odesa,63,2023-04-30
2968,Odesa,58,2022-05-18
2969,Lviv,51,2023-05-14
2970,Lviv,26,2023-05-29
2971,Kharkiv,44,2023-07-29
2972,Dnipro,61,2023-01-11
2973,Kyiv,46,2021-10-26
2974,Kyiv,63,2023-11-26
2975,Kyiv,23,2022-11-24
2976,Odesa,43,2021-12-03
2977,Kharkiv,21,2023-03-17
2978,Kyiv,60,2021-11-06
2979,Dnipro,21,2023-12-01
2980,Odesa,44,2023-04-04
2981,Dnipro,37,2022-10-05
2982,Odesa,18,2022-07-27
2983,Dnipro,57,2021-10-28
2984,Kharkiv,46,2022-02-25
2985,Dnipro,57,2023-06-25
2986,Odesa,59,2023-04-09
2987,Lviv,37,2021-06-22
2988,Kyiv,52,2022-11-17
2989,Kharkiv,64,2021-09-16
2990,Dnipro,52,2022-08-05
2991,Lviv,23,2023-11-14
2992,Dnipro,37,2023-12-04
2993,Odesa,58,2021-11-24
2994,Kyiv,19,2024-01-11
2995,Dnipro,34,2022-05-10
2996,Odesa,64,2023-05-16
2997,Dnipro,25,2021-05-03
2998,Odesa,34,2023-11-06
2999,Odesa,25,2021-04-08
3000,Kyiv,46,2022-09-03
